Company_Name,GVKEY,CIK,Year,Sector,Market_Cap_B,Segment,Products_Services,Item_1_Snippet,Emb_X,Emb_Y,Num_Segments,Segment_Involvements
Apple,10000,0634895718,2021,Technology,2951.83,"[""AI & ML"", ""Enterprise Software"", ""Consumer Electronics"", ""Cloud Computing""]","AI & ML, Enterprise Software, Consumer Electronics","The Company is engaged in ai & ml, enterprise software, consumer electronics. It provides innovative solutions and services to customers worldwide.",-0.191,-1.088,4,"{""AI & ML"": 0.69, ""Enterprise Software"": 0.63, ""Consumer Electronics"": 0.78, ""Cloud Computing"": 0.56}"
Apple,10000,0634895718,2022,Technology,3073.49,"[""AI & ML"", ""Enterprise Software"", ""Consumer Electronics"", ""Cloud Computing""]","AI & ML, Enterprise Software, Consumer Electronics","The Company is engaged in ai & ml, enterprise software, consumer electronics. It provides innovative solutions and services to customers worldwide.",-0.9174,-2.2178,4,"{""AI & ML"": 0.85, ""Enterprise Software"": 0.59, ""Consumer Electronics"": 0.73, ""Cloud Computing"": 0.77}"
Apple,10000,0634895718,2023,Technology,3024.63,"[""AI & ML"", ""Enterprise Software"", ""Consumer Electronics"", ""Cloud Computing""]","AI & ML, Enterprise Software, Consumer Electronics","The Company is engaged in ai & ml, enterprise software, consumer electronics. It provides innovative solutions and services to customers worldwide.",-0.8196,-2.6302,4,"{""AI & ML"": 0.53, ""Enterprise Software"": 0.93, ""Consumer Electronics"": 0.93, ""Cloud Computing"": 0.86}"
Apple,10000,0634895718,2024,Technology,3287.31,"[""AI & ML"", ""Enterprise Software"", ""Consumer Electronics"", ""Cloud Computing""]","AI & ML, Enterprise Software, Consumer Electronics","The Company is engaged in ai & ml, enterprise software, consumer electronics. It provides innovative solutions and services to customers worldwide.",-1.3001,-2.8635,4,"{""AI & ML"": 0.7, ""Enterprise Software"": 0.55, ""Consumer Electronics"": 0.72, ""Cloud Computing"": 0.52}"
Apple,10000,0634895718,2025,Technology,3558.53,"[""AI & ML"", ""Enterprise Software"", ""Consumer Electronics"", ""Cloud Computing""]","AI & ML, Enterprise Software, Consumer Electronics","The Company is engaged in ai & ml, enterprise software, consumer electronics. It provides innovative solutions and services to customers worldwide.",-1.4837,-2.5521,4,"{""AI & ML"": 0.64, ""Enterprise Software"": 0.73, ""Consumer Electronics"": 0.75, ""Cloud Computing"": 0.58}"
Microsoft,10001,0496360081,2021,Technology,2918.74,"[""Cloud Computing"", ""Cybersecurity"", ""Semiconductors""]","Cloud Computing, Cybersecurity, Semiconductors","The Company is engaged in cloud computing, cybersecurity, semiconductors. It provides innovative solutions and services to customers worldwide.",3.5874,7.6597,3,"{""Cloud Computing"": 0.62, ""Cybersecurity"": 0.63, ""Semiconductors"": 0.57}"
Microsoft,10001,0496360081,2022,Technology,3003.31,"[""Cloud Computing"", ""Cybersecurity"", ""Semiconductors""]","Cloud Computing, Cybersecurity, Semiconductors","The Company is engaged in cloud computing, cybersecurity, semiconductors. It provides innovative solutions and services to customers worldwide.",3.5526,7.4395,3,"{""Cloud Computing"": 0.63, ""Cybersecurity"": 0.51, ""Semiconductors"": 0.59}"
Microsoft,10001,0496360081,2023,Technology,3217.12,"[""Cloud Computing"", ""Cybersecurity"", ""Semiconductors""]","Cloud Computing, Cybersecurity, Semiconductors","The Company is engaged in cloud computing, cybersecurity, semiconductors. It provides innovative solutions and services to customers worldwide.",4.297,7.9817,3,"{""Cloud Computing"": 0.92, ""Cybersecurity"": 0.79, ""Semiconductors"": 0.91}"
Microsoft,10001,0496360081,2024,Technology,3117.65,"[""Cloud Computing"", ""Cybersecurity"", ""Semiconductors""]","Cloud Computing, Cybersecurity, Semiconductors","The Company is engaged in cloud computing, cybersecurity, semiconductors. It provides innovative solutions and services to customers worldwide.",4.1625,8.9135,3,"{""Cloud Computing"": 0.67, ""Cybersecurity"": 0.8, ""Semiconductors"": 0.8}"
Microsoft,10001,0496360081,2025,Technology,3311.72,"[""Cloud Computing"", ""Cybersecurity"", ""Semiconductors""]","Cloud Computing, Cybersecurity, Semiconductors","The Company is engaged in cloud computing, cybersecurity, semiconductors. It provides innovative solutions and services to customers worldwide.",2.9031,9.4239,3,"{""Cloud Computing"": 0.67, ""Cybersecurity"": 0.94, ""Semiconductors"": 0.88}"
Alphabet,10002,0363183577,2021,Technology,864.03,"[""Cybersecurity"", ""Enterprise Software"", ""AI & ML""]","Cybersecurity, Enterprise Software, AI & ML","The Company is engaged in cybersecurity, enterprise software, ai & ml. It provides innovative solutions and services to customers worldwide.",3.9691,2.0186,3,"{""Cybersecurity"": 0.68, ""Enterprise Software"": 0.84, ""AI & ML"": 0.6}"
Alphabet,10002,0363183577,2022,Technology,848.68,"[""Cybersecurity"", ""Enterprise Software"", ""AI & ML""]","Cybersecurity, Enterprise Software, AI & ML","The Company is engaged in cybersecurity, enterprise software, ai & ml. It provides innovative solutions and services to customers worldwide.",3.7994,1.6771,3,"{""Cybersecurity"": 0.92, ""Enterprise Software"": 0.86, ""AI & ML"": 0.79}"
Alphabet,10002,0363183577,2023,Technology,837.92,"[""Cybersecurity"", ""Enterprise Software"", ""AI & ML""]","Cybersecurity, Enterprise Software, AI & ML","The Company is engaged in cybersecurity, enterprise software, ai & ml. It provides innovative solutions and services to customers worldwide.",4.0051,1.9287,3,"{""Cybersecurity"": 0.9, ""Enterprise Software"": 0.74, ""AI & ML"": 0.86}"
Alphabet,10002,0363183577,2024,Technology,814.46,"[""Cybersecurity"", ""Enterprise Software"", ""AI & ML""]","Cybersecurity, Enterprise Software, AI & ML","The Company is engaged in cybersecurity, enterprise software, ai & ml. It provides innovative solutions and services to customers worldwide.",3.7577,2.4672,3,"{""Cybersecurity"": 0.6, ""Enterprise Software"": 0.69, ""AI & ML"": 0.87}"
Alphabet,10002,0363183577,2025,Technology,809.92,"[""Cybersecurity"", ""Enterprise Software"", ""AI & ML""]","Cybersecurity, Enterprise Software, AI & ML","The Company is engaged in cybersecurity, enterprise software, ai & ml. It provides innovative solutions and services to customers worldwide.",1.6335,2.7436,3,"{""Cybersecurity"": 0.55, ""Enterprise Software"": 0.65, ""AI & ML"": 0.92}"
Amazon,10003,0414404213,2021,Technology,772.79,"[""Semiconductors"", ""Consumer Electronics""]","Semiconductors, Consumer Electronics","The Company is engaged in semiconductors, consumer electronics. It provides innovative solutions and services to customers worldwide.",-10.4562,4.3248,2,"{""Semiconductors"": 0.63, ""Consumer Electronics"": 0.91}"
Amazon,10003,0414404213,2022,Technology,809.79,"[""Semiconductors"", ""Consumer Electronics""]","Semiconductors, Consumer Electronics","The Company is engaged in semiconductors, consumer electronics. It provides innovative solutions and services to customers worldwide.",-10.916,3.9876,2,"{""Semiconductors"": 0.94, ""Consumer Electronics"": 0.61}"
Amazon,10003,0414404213,2023,Technology,807.79,"[""Semiconductors"", ""Consumer Electronics""]","Semiconductors, Consumer Electronics","The Company is engaged in semiconductors, consumer electronics. It provides innovative solutions and services to customers worldwide.",-10.0017,4.5891,2,"{""Semiconductors"": 0.83, ""Consumer Electronics"": 0.67}"
Amazon,10003,0414404213,2024,Technology,853.96,"[""Semiconductors"", ""Consumer Electronics""]","Semiconductors, Consumer Electronics","The Company is engaged in semiconductors, consumer electronics. It provides innovative solutions and services to customers worldwide.",-8.8776,5.703,2,"{""Semiconductors"": 0.54, ""Consumer Electronics"": 0.88}"
Amazon,10003,0414404213,2025,Technology,818.23,"[""Semiconductors"", ""Consumer Electronics""]","Semiconductors, Consumer Electronics","The Company is engaged in semiconductors, consumer electronics. It provides innovative solutions and services to customers worldwide.",-9.67,5.2499,2,"{""Semiconductors"": 0.77, ""Consumer Electronics"": 0.8}"
Meta,10004,0171244178,2021,Technology,2726.67,"[""Cloud Computing"", ""Enterprise Software"", ""Consumer Electronics"", ""Cybersecurity""]","Cloud Computing, Enterprise Software, Consumer Electronics","The Company is engaged in cloud computing, enterprise software, consumer electronics. It provides innovative solutions and services to customers worldwide.",6.6391,-0.4697,4,"{""Cloud Computing"": 0.6, ""Enterprise Software"": 0.58, ""Consumer Electronics"": 0.94, ""Cybersecurity"": 0.73}"
Meta,10004,0171244178,2022,Technology,3071.66,"[""Cloud Computing"", ""Enterprise Software"", ""Consumer Electronics"", ""Cybersecurity""]","Cloud Computing, Enterprise Software, Consumer Electronics","The Company is engaged in cloud computing, enterprise software, consumer electronics. It provides innovative solutions and services to customers worldwide.",6.6894,-0.0685,4,"{""Cloud Computing"": 0.58, ""Enterprise Software"": 0.63, ""Consumer Electronics"": 0.82, ""Cybersecurity"": 0.88}"
Meta,10004,0171244178,2023,Technology,3463.47,"[""Cloud Computing"", ""Enterprise Software"", ""Consumer Electronics"", ""Cybersecurity""]","Cloud Computing, Enterprise Software, Consumer Electronics","The Company is engaged in cloud computing, enterprise software, consumer electronics. It provides innovative solutions and services to customers worldwide.",6.461,0.7838,4,"{""Cloud Computing"": 0.88, ""Enterprise Software"": 0.92, ""Consumer Electronics"": 0.85, ""Cybersecurity"": 0.8}"
Meta,10004,0171244178,2024,Technology,3941.52,"[""Cloud Computing"", ""Enterprise Software"", ""Consumer Electronics"", ""Cybersecurity""]","Cloud Computing, Enterprise Software, Consumer Electronics","The Company is engaged in cloud computing, enterprise software, consumer electronics. It provides innovative solutions and services to customers worldwide.",4.9812,1.7187,4,"{""Cloud Computing"": 0.94, ""Enterprise Software"": 0.63, ""Consumer Electronics"": 0.64, ""Cybersecurity"": 0.72}"
Meta,10004,0171244178,2025,Technology,3883.13,"[""Cloud Computing"", ""Enterprise Software"", ""Consumer Electronics"", ""Cybersecurity""]","Cloud Computing, Enterprise Software, Consumer Electronics","The Company is engaged in cloud computing, enterprise software, consumer electronics. It provides innovative solutions and services to customers worldwide.",5.1017,1.7061,4,"{""Cloud Computing"": 0.51, ""Enterprise Software"": 0.72, ""Consumer Electronics"": 0.58, ""Cybersecurity"": 0.66}"
NVIDIA,10005,0526161286,2021,Technology,2588.03,"[""Consumer Electronics"", ""Cloud Computing""]","Consumer Electronics, Cloud Computing","The Company is engaged in consumer electronics, cloud computing. It provides innovative solutions and services to customers worldwide.",1.4132,2.8609,2,"{""Consumer Electronics"": 0.79, ""Cloud Computing"": 0.8}"
NVIDIA,10005,0526161286,2022,Technology,2717.01,"[""Consumer Electronics"", ""Cloud Computing""]","Consumer Electronics, Cloud Computing","The Company is engaged in consumer electronics, cloud computing. It provides innovative solutions and services to customers worldwide.",1.1147,3.2638,2,"{""Consumer Electronics"": 0.76, ""Cloud Computing"": 0.85}"
NVIDIA,10005,0526161286,2023,Technology,3061.25,"[""Consumer Electronics"", ""Cloud Computing""]","Consumer Electronics, Cloud Computing","The Company is engaged in consumer electronics, cloud computing. It provides innovative solutions and services to customers worldwide.",-0.3119,3.0693,2,"{""Consumer Electronics"": 0.84, ""Cloud Computing"": 0.93}"
NVIDIA,10005,0526161286,2024,Technology,3258.58,"[""Consumer Electronics"", ""Cloud Computing""]","Consumer Electronics, Cloud Computing","The Company is engaged in consumer electronics, cloud computing. It provides innovative solutions and services to customers worldwide.",0.173,1.5139,2,"{""Consumer Electronics"": 0.94, ""Cloud Computing"": 0.53}"
NVIDIA,10005,0526161286,2025,Technology,3270.62,"[""Consumer Electronics"", ""Cloud Computing""]","Consumer Electronics, Cloud Computing","The Company is engaged in consumer electronics, cloud computing. It provides innovative solutions and services to customers worldwide.",-0.5866,1.0364,2,"{""Consumer Electronics"": 0.72, ""Cloud Computing"": 0.67}"
Intel,10006,0721445097,2021,Technology,3478.37,"[""Cloud Computing"", ""Cybersecurity"", ""Consumer Electronics""]","Cloud Computing, Cybersecurity, Consumer Electronics","The Company is engaged in cloud computing, cybersecurity, consumer electronics. It provides innovative solutions and services to customers worldwide.",5.0114,-0.7722,3,"{""Cloud Computing"": 0.63, ""Cybersecurity"": 0.69, ""Consumer Electronics"": 0.62}"
Intel,10006,0721445097,2022,Technology,3308.06,"[""Cloud Computing"", ""Cybersecurity"", ""Consumer Electronics""]","Cloud Computing, Cybersecurity, Consumer Electronics","The Company is engaged in cloud computing, cybersecurity, consumer electronics. It provides innovative solutions and services to customers worldwide.",4.4251,-0.6159,3,"{""Cloud Computing"": 0.78, ""Cybersecurity"": 0.59, ""Consumer Electronics"": 0.53}"
Intel,10006,0721445097,2023,Technology,3729.25,"[""Cloud Computing"", ""Cybersecurity"", ""Consumer Electronics""]","Cloud Computing, Cybersecurity, Consumer Electronics","The Company is engaged in cloud computing, cybersecurity, consumer electronics. It provides innovative solutions and services to customers worldwide.",3.9803,-0.7181,3,"{""Cloud Computing"": 0.51, ""Cybersecurity"": 0.76, ""Consumer Electronics"": 0.7}"
Intel,10006,0721445097,2024,Technology,3658.42,"[""Cloud Computing"", ""Cybersecurity"", ""Consumer Electronics""]","Cloud Computing, Cybersecurity, Consumer Electronics","The Company is engaged in cloud computing, cybersecurity, consumer electronics. It provides innovative solutions and services to customers worldwide.",3.0202,0.243,3,"{""Cloud Computing"": 0.94, ""Cybersecurity"": 0.88, ""Consumer Electronics"": 0.89}"
Intel,10006,0721445097,2025,Technology,3714.51,"[""Cloud Computing"", ""Cybersecurity"", ""Consumer Electronics""]","Cloud Computing, Cybersecurity, Consumer Electronics","The Company is engaged in cloud computing, cybersecurity, consumer electronics. It provides innovative solutions and services to customers worldwide.",3.3037,-1.2612,3,"{""Cloud Computing"": 0.87, ""Cybersecurity"": 0.62, ""Consumer Electronics"": 0.93}"
AMD,10007,0990197094,2021,Technology,328.97,"[""Consumer Electronics"", ""Enterprise Software""]","Consumer Electronics, Enterprise Software","The Company is engaged in consumer electronics, enterprise software. It provides innovative solutions and services to customers worldwide.",-2.1815,-5.8131,2,"{""Consumer Electronics"": 0.93, ""Enterprise Software"": 0.88}"
AMD,10007,0990197094,2022,Technology,323.93,"[""Consumer Electronics"", ""Enterprise Software""]","Consumer Electronics, Enterprise Software","The Company is engaged in consumer electronics, enterprise software. It provides innovative solutions and services to customers worldwide.",-2.799,-4.4841,2,"{""Consumer Electronics"": 0.57, ""Enterprise Software"": 0.61}"
AMD,10007,0990197094,2023,Technology,350.5,"[""Consumer Electronics"", ""Enterprise Software""]","Consumer Electronics, Enterprise Software","The Company is engaged in consumer electronics, enterprise software. It provides innovative solutions and services to customers worldwide.",-1.3866,-4.1601,2,"{""Consumer Electronics"": 0.63, ""Enterprise Software"": 0.93}"
AMD,10007,0990197094,2024,Technology,375.86,"[""Consumer Electronics"", ""Enterprise Software""]","Consumer Electronics, Enterprise Software","The Company is engaged in consumer electronics, enterprise software. It provides innovative solutions and services to customers worldwide.",-1.0848,-2.839,2,"{""Consumer Electronics"": 0.69, ""Enterprise Software"": 0.61}"
AMD,10007,0990197094,2025,Technology,358.15,"[""Consumer Electronics"", ""Enterprise Software""]","Consumer Electronics, Enterprise Software","The Company is engaged in consumer electronics, enterprise software. It provides innovative solutions and services to customers worldwide.",-0.0713,-3.4052,2,"{""Consumer Electronics"": 0.55, ""Enterprise Software"": 0.52}"
Cisco,10008,0274928880,2021,Technology,1078.34,"[""Cloud Computing"", ""Semiconductors"", ""Enterprise Software""]","Cloud Computing, Semiconductors, Enterprise Software","The Company is engaged in cloud computing, semiconductors, enterprise software. It provides innovative solutions and services to customers worldwide.",0.2084,2.9826,3,"{""Cloud Computing"": 0.67, ""Semiconductors"": 0.78, ""Enterprise Software"": 0.73}"
Cisco,10008,0274928880,2022,Technology,1059.57,"[""Cloud Computing"", ""Semiconductors"", ""Enterprise Software""]","Cloud Computing, Semiconductors, Enterprise Software","The Company is engaged in cloud computing, semiconductors, enterprise software. It provides innovative solutions and services to customers worldwide.",0.5324,3.7104,3,"{""Cloud Computing"": 0.53, ""Semiconductors"": 0.79, ""Enterprise Software"": 0.51}"
Cisco,10008,0274928880,2023,Technology,1128.54,"[""Cloud Computing"", ""Semiconductors"", ""Enterprise Software""]","Cloud Computing, Semiconductors, Enterprise Software","The Company is engaged in cloud computing, semiconductors, enterprise software. It provides innovative solutions and services to customers worldwide.",1.0501,3.8113,3,"{""Cloud Computing"": 0.67, ""Semiconductors"": 0.79, ""Enterprise Software"": 0.71}"
Cisco,10008,0274928880,2024,Technology,1159.26,"[""Cloud Computing"", ""Semiconductors"", ""Enterprise Software""]","Cloud Computing, Semiconductors, Enterprise Software","The Company is engaged in cloud computing, semiconductors, enterprise software. It provides innovative solutions and services to customers worldwide.",1.5996,3.868,3,"{""Cloud Computing"": 0.93, ""Semiconductors"": 0.91, ""Enterprise Software"": 0.59}"
Cisco,10008,0274928880,2025,Technology,1175.25,"[""Cloud Computing"", ""Semiconductors"", ""Enterprise Software""]","Cloud Computing, Semiconductors, Enterprise Software","The Company is engaged in cloud computing, semiconductors, enterprise software. It provides innovative solutions and services to customers worldwide.",1.2104,4.0341,3,"{""Cloud Computing"": 0.88, ""Semiconductors"": 0.51, ""Enterprise Software"": 0.87}"
Oracle,10009,0236815208,2021,Technology,1931.0,"[""Consumer Electronics"", ""AI & ML"", ""Semiconductors""]","Consumer Electronics, AI & ML, Semiconductors","The Company is engaged in consumer electronics, ai & ml, semiconductors. It provides innovative solutions and services to customers worldwide.",-7.0619,8.462,3,"{""Consumer Electronics"": 0.56, ""AI & ML"": 0.61, ""Semiconductors"": 0.76}"
Oracle,10009,0236815208,2022,Technology,1926.59,"[""Consumer Electronics"", ""AI & ML"", ""Semiconductors""]","Consumer Electronics, AI & ML, Semiconductors","The Company is engaged in consumer electronics, ai & ml, semiconductors. It provides innovative solutions and services to customers worldwide.",-6.9175,9.3189,3,"{""Consumer Electronics"": 0.81, ""AI & ML"": 0.83, ""Semiconductors"": 0.61}"
Oracle,10009,0236815208,2023,Technology,2021.6,"[""Consumer Electronics"", ""AI & ML"", ""Semiconductors""]","Consumer Electronics, AI & ML, Semiconductors","The Company is engaged in consumer electronics, ai & ml, semiconductors. It provides innovative solutions and services to customers worldwide.",-6.4112,7.5155,3,"{""Consumer Electronics"": 0.68, ""AI & ML"": 0.63, ""Semiconductors"": 0.54}"
Oracle,10009,0236815208,2024,Technology,2307.37,"[""Consumer Electronics"", ""AI & ML"", ""Semiconductors""]","Consumer Electronics, AI & ML, Semiconductors","The Company is engaged in consumer electronics, ai & ml, semiconductors. It provides innovative solutions and services to customers worldwide.",-6.7402,8.3028,3,"{""Consumer Electronics"": 0.8, ""AI & ML"": 0.72, ""Semiconductors"": 0.72}"
Oracle,10009,0236815208,2025,Technology,2290.17,"[""Consumer Electronics"", ""AI & ML"", ""Semiconductors""]","Consumer Electronics, AI & ML, Semiconductors","The Company is engaged in consumer electronics, ai & ml, semiconductors. It provides innovative solutions and services to customers worldwide.",-5.8414,10.0173,3,"{""Consumer Electronics"": 0.93, ""AI & ML"": 0.85, ""Semiconductors"": 0.55}"
Salesforce,10010,0877084596,2021,Technology,1746.12,"[""Cybersecurity"", ""AI & ML"", ""Semiconductors"", ""Cloud Computing""]","Cybersecurity, AI & ML, Semiconductors","The Company is engaged in cybersecurity, ai & ml, semiconductors. It provides innovative solutions and services to customers worldwide.",1.5439,7.5547,4,"{""Cybersecurity"": 0.68, ""AI & ML"": 0.9, ""Semiconductors"": 0.57, ""Cloud Computing"": 0.73}"
Salesforce,10010,0877084596,2022,Technology,1960.24,"[""Cybersecurity"", ""AI & ML"", ""Semiconductors"", ""Cloud Computing""]","Cybersecurity, AI & ML, Semiconductors","The Company is engaged in cybersecurity, ai & ml, semiconductors. It provides innovative solutions and services to customers worldwide.",1.9003,6.3853,4,"{""Cybersecurity"": 0.9, ""AI & ML"": 0.61, ""Semiconductors"": 0.91, ""Cloud Computing"": 0.77}"
Salesforce,10010,0877084596,2023,Technology,2051.07,"[""Cybersecurity"", ""AI & ML"", ""Semiconductors"", ""Cloud Computing""]","Cybersecurity, AI & ML, Semiconductors","The Company is engaged in cybersecurity, ai & ml, semiconductors. It provides innovative solutions and services to customers worldwide.",2.9615,5.6218,4,"{""Cybersecurity"": 0.67, ""AI & ML"": 0.82, ""Semiconductors"": 0.61, ""Cloud Computing"": 0.65}"
Salesforce,10010,0877084596,2024,Technology,2114.73,"[""Cybersecurity"", ""AI & ML"", ""Semiconductors"", ""Cloud Computing""]","Cybersecurity, AI & ML, Semiconductors","The Company is engaged in cybersecurity, ai & ml, semiconductors. It provides innovative solutions and services to customers worldwide.",1.6923,5.284,4,"{""Cybersecurity"": 0.76, ""AI & ML"": 0.83, ""Semiconductors"": 0.85, ""Cloud Computing"": 0.87}"
Salesforce,10010,0877084596,2025,Technology,2109.45,"[""Cybersecurity"", ""AI & ML"", ""Semiconductors"", ""Cloud Computing""]","Cybersecurity, AI & ML, Semiconductors","The Company is engaged in cybersecurity, ai & ml, semiconductors. It provides innovative solutions and services to customers worldwide.",2.3645,6.1907,4,"{""Cybersecurity"": 0.68, ""AI & ML"": 0.71, ""Semiconductors"": 0.54, ""Cloud Computing"": 0.74}"
Adobe,10011,0900306292,2021,Technology,3629.07,"[""AI & ML"", ""Enterprise Software""]","AI & ML, Enterprise Software","The Company is engaged in ai & ml, enterprise software. It provides innovative solutions and services to customers worldwide.",4.1879,-0.9538,2,"{""AI & ML"": 0.81, ""Enterprise Software"": 0.7}"
Adobe,10011,0900306292,2022,Technology,4101.69,"[""AI & ML"", ""Enterprise Software""]","AI & ML, Enterprise Software","The Company is engaged in ai & ml, enterprise software. It provides innovative solutions and services to customers worldwide.",5.1483,0.499,2,"{""AI & ML"": 0.52, ""Enterprise Software"": 0.63}"
Adobe,10011,0900306292,2023,Technology,4124.15,"[""AI & ML"", ""Enterprise Software""]","AI & ML, Enterprise Software","The Company is engaged in ai & ml, enterprise software. It provides innovative solutions and services to customers worldwide.",6.9001,-0.1476,2,"{""AI & ML"": 0.58, ""Enterprise Software"": 0.71}"
Adobe,10011,0900306292,2024,Technology,3982.06,"[""AI & ML"", ""Enterprise Software""]","AI & ML, Enterprise Software","The Company is engaged in ai & ml, enterprise software. It provides innovative solutions and services to customers worldwide.",7.7262,-1.5957,2,"{""AI & ML"": 0.94, ""Enterprise Software"": 0.94}"
Adobe,10011,0900306292,2025,Technology,4029.47,"[""AI & ML"", ""Enterprise Software""]","AI & ML, Enterprise Software","The Company is engaged in ai & ml, enterprise software. It provides innovative solutions and services to customers worldwide.",7.9996,-0.0948,2,"{""AI & ML"": 0.87, ""Enterprise Software"": 0.81}"
IBM,10012,0798434460,2021,Technology,584.41,"[""Consumer Electronics"", ""AI & ML"", ""Cloud Computing"", ""Semiconductors""]","Consumer Electronics, AI & ML, Cloud Computing","The Company is engaged in consumer electronics, ai & ml, cloud computing. It provides innovative solutions and services to customers worldwide.",-2.2266,3.0435,4,"{""Consumer Electronics"": 0.67, ""AI & ML"": 0.84, ""Cloud Computing"": 0.68, ""Semiconductors"": 0.87}"
IBM,10012,0798434460,2022,Technology,559.5,"[""Consumer Electronics"", ""AI & ML"", ""Cloud Computing"", ""Semiconductors""]","Consumer Electronics, AI & ML, Cloud Computing","The Company is engaged in consumer electronics, ai & ml, cloud computing. It provides innovative solutions and services to customers worldwide.",-2.7819,3.1314,4,"{""Consumer Electronics"": 0.56, ""AI & ML"": 0.51, ""Cloud Computing"": 0.53, ""Semiconductors"": 0.81}"
IBM,10012,0798434460,2023,Technology,633.7,"[""Consumer Electronics"", ""AI & ML"", ""Cloud Computing"", ""Semiconductors""]","Consumer Electronics, AI & ML, Cloud Computing","The Company is engaged in consumer electronics, ai & ml, cloud computing. It provides innovative solutions and services to customers worldwide.",-1.4708,3.3116,4,"{""Consumer Electronics"": 0.76, ""AI & ML"": 0.83, ""Cloud Computing"": 0.84, ""Semiconductors"": 0.67}"
IBM,10012,0798434460,2024,Technology,633.89,"[""Consumer Electronics"", ""AI & ML"", ""Cloud Computing"", ""Semiconductors""]","Consumer Electronics, AI & ML, Cloud Computing","The Company is engaged in consumer electronics, ai & ml, cloud computing. It provides innovative solutions and services to customers worldwide.",-2.0625,2.7922,4,"{""Consumer Electronics"": 0.62, ""AI & ML"": 0.59, ""Cloud Computing"": 0.9, ""Semiconductors"": 0.84}"
IBM,10012,0798434460,2025,Technology,662.56,"[""Consumer Electronics"", ""AI & ML"", ""Cloud Computing"", ""Semiconductors""]","Consumer Electronics, AI & ML, Cloud Computing","The Company is engaged in consumer electronics, ai & ml, cloud computing. It provides innovative solutions and services to customers worldwide.",-2.0638,2.4513,4,"{""Consumer Electronics"": 0.87, ""AI & ML"": 0.64, ""Cloud Computing"": 0.87, ""Semiconductors"": 0.94}"
Qualcomm,10013,0479710429,2021,Technology,3261.88,"[""AI & ML"", ""Semiconductors""]","AI & ML, Semiconductors","The Company is engaged in ai & ml, semiconductors. It provides innovative solutions and services to customers worldwide.",-2.5255,9.5787,2,"{""AI & ML"": 0.54, ""Semiconductors"": 0.83}"
Qualcomm,10013,0479710429,2022,Technology,3692.76,"[""AI & ML"", ""Semiconductors""]","AI & ML, Semiconductors","The Company is engaged in ai & ml, semiconductors. It provides innovative solutions and services to customers worldwide.",-4.1489,11.1478,2,"{""AI & ML"": 0.63, ""Semiconductors"": 0.74}"
Qualcomm,10013,0479710429,2023,Technology,3847.37,"[""AI & ML"", ""Semiconductors""]","AI & ML, Semiconductors","The Company is engaged in ai & ml, semiconductors. It provides innovative solutions and services to customers worldwide.",-3.374,11.6644,2,"{""AI & ML"": 0.88, ""Semiconductors"": 0.85}"
Qualcomm,10013,0479710429,2024,Technology,3815.93,"[""AI & ML"", ""Semiconductors""]","AI & ML, Semiconductors","The Company is engaged in ai & ml, semiconductors. It provides innovative solutions and services to customers worldwide.",-4.5925,12.6291,2,"{""AI & ML"": 0.76, ""Semiconductors"": 0.65}"
Qualcomm,10013,0479710429,2025,Technology,4071.41,"[""AI & ML"", ""Semiconductors""]","AI & ML, Semiconductors","The Company is engaged in ai & ml, semiconductors. It provides innovative solutions and services to customers worldwide.",-6.3324,14.2548,2,"{""AI & ML"": 0.68, ""Semiconductors"": 0.81}"
Texas Instruments,10014,0873383043,2021,Technology,692.97,"[""AI & ML"", ""Enterprise Software""]","AI & ML, Enterprise Software","The Company is engaged in ai & ml, enterprise software. It provides innovative solutions and services to customers worldwide.",1.1651,-0.0731,2,"{""AI & ML"": 0.73, ""Enterprise Software"": 0.81}"
Texas Instruments,10014,0873383043,2022,Technology,779.39,"[""AI & ML"", ""Enterprise Software""]","AI & ML, Enterprise Software","The Company is engaged in ai & ml, enterprise software. It provides innovative solutions and services to customers worldwide.",0.6053,0.0981,2,"{""AI & ML"": 0.91, ""Enterprise Software"": 0.53}"
Texas Instruments,10014,0873383043,2023,Technology,857.06,"[""AI & ML"", ""Enterprise Software""]","AI & ML, Enterprise Software","The Company is engaged in ai & ml, enterprise software. It provides innovative solutions and services to customers worldwide.",1.2864,-0.3982,2,"{""AI & ML"": 0.58, ""Enterprise Software"": 0.59}"
Texas Instruments,10014,0873383043,2024,Technology,920.19,"[""AI & ML"", ""Enterprise Software""]","AI & ML, Enterprise Software","The Company is engaged in ai & ml, enterprise software. It provides innovative solutions and services to customers worldwide.",1.0663,-2.2397,2,"{""AI & ML"": 0.67, ""Enterprise Software"": 0.71}"
Texas Instruments,10014,0873383043,2025,Technology,1038.93,"[""AI & ML"", ""Enterprise Software""]","AI & ML, Enterprise Software","The Company is engaged in ai & ml, enterprise software. It provides innovative solutions and services to customers worldwide.",1.7474,-3.0301,2,"{""AI & ML"": 0.73, ""Enterprise Software"": 0.74}"
Broadcom,10015,0560300268,2021,Technology,3369.91,"[""Enterprise Software"", ""AI & ML"", ""Cloud Computing""]","Enterprise Software, AI & ML, Cloud Computing","The Company is engaged in enterprise software, ai & ml, cloud computing. It provides innovative solutions and services to customers worldwide.",5.8993,1.6848,3,"{""Enterprise Software"": 0.72, ""AI & ML"": 0.54, ""Cloud Computing"": 0.74}"
Broadcom,10015,0560300268,2022,Technology,3492.35,"[""Enterprise Software"", ""AI & ML"", ""Cloud Computing""]","Enterprise Software, AI & ML, Cloud Computing","The Company is engaged in enterprise software, ai & ml, cloud computing. It provides innovative solutions and services to customers worldwide.",7.1178,2.116,3,"{""Enterprise Software"": 0.56, ""AI & ML"": 0.63, ""Cloud Computing"": 0.66}"
Broadcom,10015,0560300268,2023,Technology,3566.45,"[""Enterprise Software"", ""AI & ML"", ""Cloud Computing""]","Enterprise Software, AI & ML, Cloud Computing","The Company is engaged in enterprise software, ai & ml, cloud computing. It provides innovative solutions and services to customers worldwide.",7.8588,3.6435,3,"{""Enterprise Software"": 0.94, ""AI & ML"": 0.77, ""Cloud Computing"": 0.61}"
Broadcom,10015,0560300268,2024,Technology,3521.21,"[""Enterprise Software"", ""AI & ML"", ""Cloud Computing""]","Enterprise Software, AI & ML, Cloud Computing","The Company is engaged in enterprise software, ai & ml, cloud computing. It provides innovative solutions and services to customers worldwide.",7.3383,3.2538,3,"{""Enterprise Software"": 0.63, ""AI & ML"": 0.58, ""Cloud Computing"": 0.9}"
Broadcom,10015,0560300268,2025,Technology,3634.16,"[""Enterprise Software"", ""AI & ML"", ""Cloud Computing""]","Enterprise Software, AI & ML, Cloud Computing","The Company is engaged in enterprise software, ai & ml, cloud computing. It provides innovative solutions and services to customers worldwide.",7.3771,2.589,3,"{""Enterprise Software"": 0.94, ""AI & ML"": 0.55, ""Cloud Computing"": 0.68}"
ServiceNow,10016,0818958666,2021,Technology,3331.25,"[""Semiconductors"", ""Cybersecurity"", ""AI & ML""]","Semiconductors, Cybersecurity, AI & ML","The Company is engaged in semiconductors, cybersecurity, ai & ml. It provides innovative solutions and services to customers worldwide.",1.2915,5.9657,3,"{""Semiconductors"": 0.74, ""Cybersecurity"": 0.82, ""AI & ML"": 0.85}"
ServiceNow,10016,0818958666,2022,Technology,3785.64,"[""Semiconductors"", ""Cybersecurity"", ""AI & ML""]","Semiconductors, Cybersecurity, AI & ML","The Company is engaged in semiconductors, cybersecurity, ai & ml. It provides innovative solutions and services to customers worldwide.",1.3018,5.2651,3,"{""Semiconductors"": 0.64, ""Cybersecurity"": 0.77, ""AI & ML"": 0.67}"
ServiceNow,10016,0818958666,2023,Technology,4011.96,"[""Semiconductors"", ""Cybersecurity"", ""AI & ML""]","Semiconductors, Cybersecurity, AI & ML","The Company is engaged in semiconductors, cybersecurity, ai & ml. It provides innovative solutions and services to customers worldwide.",2.9555,3.7092,3,"{""Semiconductors"": 0.59, ""Cybersecurity"": 0.81, ""AI & ML"": 0.54}"
ServiceNow,10016,0818958666,2024,Technology,4297.7,"[""Semiconductors"", ""Cybersecurity"", ""AI & ML""]","Semiconductors, Cybersecurity, AI & ML","The Company is engaged in semiconductors, cybersecurity, ai & ml. It provides innovative solutions and services to customers worldwide.",2.8981,2.8901,3,"{""Semiconductors"": 0.86, ""Cybersecurity"": 0.55, ""AI & ML"": 0.88}"
ServiceNow,10016,0818958666,2025,Technology,4884.71,"[""Semiconductors"", ""Cybersecurity"", ""AI & ML""]","Semiconductors, Cybersecurity, AI & ML","The Company is engaged in semiconductors, cybersecurity, ai & ml. It provides innovative solutions and services to customers worldwide.",2.4503,4.0941,3,"{""Semiconductors"": 0.95, ""Cybersecurity"": 0.59, ""AI & ML"": 0.67}"
Palantir,10017,0857844480,2021,Technology,2641.38,"[""Enterprise Software"", ""Cloud Computing"", ""Semiconductors""]","Enterprise Software, Cloud Computing, Semiconductors","The Company is engaged in enterprise software, cloud computing, semiconductors. It provides innovative solutions and services to customers worldwide.",1.9633,2.3031,3,"{""Enterprise Software"": 0.76, ""Cloud Computing"": 0.81, ""Semiconductors"": 0.7}"
Palantir,10017,0857844480,2022,Technology,2839.01,"[""Enterprise Software"", ""Cloud Computing"", ""Semiconductors""]","Enterprise Software, Cloud Computing, Semiconductors","The Company is engaged in enterprise software, cloud computing, semiconductors. It provides innovative solutions and services to customers worldwide.",2.4053,2.5396,3,"{""Enterprise Software"": 0.74, ""Cloud Computing"": 0.7, ""Semiconductors"": 0.76}"
Palantir,10017,0857844480,2023,Technology,2999.05,"[""Enterprise Software"", ""Cloud Computing"", ""Semiconductors""]","Enterprise Software, Cloud Computing, Semiconductors","The Company is engaged in enterprise software, cloud computing, semiconductors. It provides innovative solutions and services to customers worldwide.",1.4369,1.2488,3,"{""Enterprise Software"": 0.53, ""Cloud Computing"": 0.6, ""Semiconductors"": 0.74}"
Palantir,10017,0857844480,2024,Technology,3287.29,"[""Enterprise Software"", ""Cloud Computing"", ""Semiconductors""]","Enterprise Software, Cloud Computing, Semiconductors","The Company is engaged in enterprise software, cloud computing, semiconductors. It provides innovative solutions and services to customers worldwide.",-0.057,0.637,3,"{""Enterprise Software"": 0.81, ""Cloud Computing"": 0.58, ""Semiconductors"": 0.9}"
Palantir,10017,0857844480,2025,Technology,3499.74,"[""Enterprise Software"", ""Cloud Computing"", ""Semiconductors""]","Enterprise Software, Cloud Computing, Semiconductors","The Company is engaged in enterprise software, cloud computing, semiconductors. It provides innovative solutions and services to customers worldwide.",1.3077,0.6112,3,"{""Enterprise Software"": 0.95, ""Cloud Computing"": 0.84, ""Semiconductors"": 0.82}"
Snowflake,10018,0222715546,2021,Technology,2768.31,"[""Consumer Electronics"", ""Semiconductors"", ""Cloud Computing""]","Consumer Electronics, Semiconductors, Cloud Computing","The Company is engaged in consumer electronics, semiconductors, cloud computing. It provides innovative solutions and services to customers worldwide.",-3.0791,0.5634,3,"{""Consumer Electronics"": 0.72, ""Semiconductors"": 0.68, ""Cloud Computing"": 0.85}"
Snowflake,10018,0222715546,2022,Technology,2942.99,"[""Consumer Electronics"", ""Semiconductors"", ""Cloud Computing""]","Consumer Electronics, Semiconductors, Cloud Computing","The Company is engaged in consumer electronics, semiconductors, cloud computing. It provides innovative solutions and services to customers worldwide.",-3.0573,0.4553,3,"{""Consumer Electronics"": 0.82, ""Semiconductors"": 0.77, ""Cloud Computing"": 0.87}"
Snowflake,10018,0222715546,2023,Technology,2929.66,"[""Consumer Electronics"", ""Semiconductors"", ""Cloud Computing""]","Consumer Electronics, Semiconductors, Cloud Computing","The Company is engaged in consumer electronics, semiconductors, cloud computing. It provides innovative solutions and services to customers worldwide.",-3.1469,0.7165,3,"{""Consumer Electronics"": 0.69, ""Semiconductors"": 0.63, ""Cloud Computing"": 0.78}"
Snowflake,10018,0222715546,2024,Technology,3208.62,"[""Consumer Electronics"", ""Semiconductors"", ""Cloud Computing""]","Consumer Electronics, Semiconductors, Cloud Computing","The Company is engaged in consumer electronics, semiconductors, cloud computing. It provides innovative solutions and services to customers worldwide.",-3.3619,0.3646,3,"{""Consumer Electronics"": 0.77, ""Semiconductors"": 0.55, ""Cloud Computing"": 0.91}"
Snowflake,10018,0222715546,2025,Technology,3288.47,"[""Consumer Electronics"", ""Semiconductors"", ""Cloud Computing""]","Consumer Electronics, Semiconductors, Cloud Computing","The Company is engaged in consumer electronics, semiconductors, cloud computing. It provides innovative solutions and services to customers worldwide.",-2.398,0.9025,3,"{""Consumer Electronics"": 0.53, ""Semiconductors"": 0.53, ""Cloud Computing"": 0.55}"
CrowdStrike,10019,0488435240,2021,Technology,3214.4,"[""AI & ML"", ""Semiconductors"", ""Enterprise Software"", ""Consumer Electronics""]","AI & ML, Semiconductors, Enterprise Software","The Company is engaged in ai & ml, semiconductors, enterprise software. It provides innovative solutions and services to customers worldwide.",-0.7372,-1.3019,4,"{""AI & ML"": 0.85, ""Semiconductors"": 0.77, ""Enterprise Software"": 0.55, ""Consumer Electronics"": 0.69}"
CrowdStrike,10019,0488435240,2022,Technology,3644.13,"[""AI & ML"", ""Semiconductors"", ""Enterprise Software"", ""Consumer Electronics""]","AI & ML, Semiconductors, Enterprise Software","The Company is engaged in ai & ml, semiconductors, enterprise software. It provides innovative solutions and services to customers worldwide.",-1.9818,-3.5296,4,"{""AI & ML"": 0.76, ""Semiconductors"": 0.51, ""Enterprise Software"": 0.91, ""Consumer Electronics"": 0.61}"
CrowdStrike,10019,0488435240,2023,Technology,3486.62,"[""AI & ML"", ""Semiconductors"", ""Enterprise Software"", ""Consumer Electronics""]","AI & ML, Semiconductors, Enterprise Software","The Company is engaged in ai & ml, semiconductors, enterprise software. It provides innovative solutions and services to customers worldwide.",-2.9372,-3.3078,4,"{""AI & ML"": 0.64, ""Semiconductors"": 0.85, ""Enterprise Software"": 0.62, ""Consumer Electronics"": 0.6}"
CrowdStrike,10019,0488435240,2024,Technology,3992.56,"[""AI & ML"", ""Semiconductors"", ""Enterprise Software"", ""Consumer Electronics""]","AI & ML, Semiconductors, Enterprise Software","The Company is engaged in ai & ml, semiconductors, enterprise software. It provides innovative solutions and services to customers worldwide.",-2.8745,-4.4956,4,"{""AI & ML"": 0.71, ""Semiconductors"": 0.75, ""Enterprise Software"": 0.89, ""Consumer Electronics"": 0.74}"
CrowdStrike,10019,0488435240,2025,Technology,4040.42,"[""AI & ML"", ""Semiconductors"", ""Enterprise Software"", ""Consumer Electronics""]","AI & ML, Semiconductors, Enterprise Software","The Company is engaged in ai & ml, semiconductors, enterprise software. It provides innovative solutions and services to customers worldwide.",-3.3371,-5.2241,4,"{""AI & ML"": 0.68, ""Semiconductors"": 0.69, ""Enterprise Software"": 0.86, ""Consumer Electronics"": 0.66}"
ARM Holdings,10020,0918997532,2021,Technology,2141.3,"[""Cybersecurity"", ""AI & ML""]","Cybersecurity, AI & ML","The Company is engaged in cybersecurity, ai & ml. It provides innovative solutions and services to customers worldwide.",3.7665,8.3845,2,"{""Cybersecurity"": 0.65, ""AI & ML"": 0.53}"
ARM Holdings,10020,0918997532,2022,Technology,2418.57,"[""Cybersecurity"", ""AI & ML""]","Cybersecurity, AI & ML","The Company is engaged in cybersecurity, ai & ml. It provides innovative solutions and services to customers worldwide.",3.1036,9.1218,2,"{""Cybersecurity"": 0.74, ""AI & ML"": 0.86}"
ARM Holdings,10020,0918997532,2023,Technology,2564.51,"[""Cybersecurity"", ""AI & ML""]","Cybersecurity, AI & ML","The Company is engaged in cybersecurity, ai & ml. It provides innovative solutions and services to customers worldwide.",2.8982,9.9413,2,"{""Cybersecurity"": 0.61, ""AI & ML"": 0.59}"
ARM Holdings,10020,0918997532,2024,Technology,2610.3,"[""Cybersecurity"", ""AI & ML""]","Cybersecurity, AI & ML","The Company is engaged in cybersecurity, ai & ml. It provides innovative solutions and services to customers worldwide.",4.9553,10.0605,2,"{""Cybersecurity"": 0.76, ""AI & ML"": 0.9}"
ARM Holdings,10020,0918997532,2025,Technology,2900.21,"[""Cybersecurity"", ""AI & ML""]","Cybersecurity, AI & ML","The Company is engaged in cybersecurity, ai & ml. It provides innovative solutions and services to customers worldwide.",6.3286,10.4132,2,"{""Cybersecurity"": 0.94, ""AI & ML"": 0.77}"
ASML,10021,0344169517,2021,Technology,2989.85,"[""AI & ML"", ""Cloud Computing""]","AI & ML, Cloud Computing","The Company is engaged in ai & ml, cloud computing. It provides innovative solutions and services to customers worldwide.",-0.9059,10.67,2,"{""AI & ML"": 0.77, ""Cloud Computing"": 0.62}"
ASML,10021,0344169517,2022,Technology,3170.47,"[""AI & ML"", ""Cloud Computing""]","AI & ML, Cloud Computing","The Company is engaged in ai & ml, cloud computing. It provides innovative solutions and services to customers worldwide.",-1.9303,12.0738,2,"{""AI & ML"": 0.7, ""Cloud Computing"": 0.63}"
ASML,10021,0344169517,2023,Technology,3519.12,"[""AI & ML"", ""Cloud Computing""]","AI & ML, Cloud Computing","The Company is engaged in ai & ml, cloud computing. It provides innovative solutions and services to customers worldwide.",-1.1528,12.0491,2,"{""AI & ML"": 0.69, ""Cloud Computing"": 0.51}"
ASML,10021,0344169517,2024,Technology,3789.03,"[""AI & ML"", ""Cloud Computing""]","AI & ML, Cloud Computing","The Company is engaged in ai & ml, cloud computing. It provides innovative solutions and services to customers worldwide.",-0.9066,10.6809,2,"{""AI & ML"": 0.62, ""Cloud Computing"": 0.56}"
ASML,10021,0344169517,2025,Technology,3805.93,"[""AI & ML"", ""Cloud Computing""]","AI & ML, Cloud Computing","The Company is engaged in ai & ml, cloud computing. It provides innovative solutions and services to customers worldwide.",-1.9373,10.7616,2,"{""AI & ML"": 0.51, ""Cloud Computing"": 0.91}"
SAP,10022,0605737044,2021,Technology,3081.22,"[""Cybersecurity"", ""Semiconductors""]","Cybersecurity, Semiconductors","The Company is engaged in cybersecurity, semiconductors. It provides innovative solutions and services to customers worldwide.",-2.2454,3.6273,2,"{""Cybersecurity"": 0.72, ""Semiconductors"": 0.76}"
SAP,10022,0605737044,2022,Technology,3402.23,"[""Cybersecurity"", ""Semiconductors""]","Cybersecurity, Semiconductors","The Company is engaged in cybersecurity, semiconductors. It provides innovative solutions and services to customers worldwide.",-2.504,4.5418,2,"{""Cybersecurity"": 0.69, ""Semiconductors"": 0.66}"
SAP,10022,0605737044,2023,Technology,3278.56,"[""Cybersecurity"", ""Semiconductors""]","Cybersecurity, Semiconductors","The Company is engaged in cybersecurity, semiconductors. It provides innovative solutions and services to customers worldwide.",-2.3862,4.3637,2,"{""Cybersecurity"": 0.88, ""Semiconductors"": 0.7}"
SAP,10022,0605737044,2024,Technology,3514.88,"[""Cybersecurity"", ""Semiconductors""]","Cybersecurity, Semiconductors","The Company is engaged in cybersecurity, semiconductors. It provides innovative solutions and services to customers worldwide.",-2.2018,4.7096,2,"{""Cybersecurity"": 0.93, ""Semiconductors"": 0.68}"
SAP,10022,0605737044,2025,Technology,3718.63,"[""Cybersecurity"", ""Semiconductors""]","Cybersecurity, Semiconductors","The Company is engaged in cybersecurity, semiconductors. It provides innovative solutions and services to customers worldwide.",-3.6057,4.6105,2,"{""Cybersecurity"": 0.57, ""Semiconductors"": 0.88}"
Accenture,10023,0514068560,2021,Technology,1761.2,"[""AI & ML"", ""Consumer Electronics""]","AI & ML, Consumer Electronics","The Company is engaged in ai & ml, consumer electronics. It provides innovative solutions and services to customers worldwide.",-3.9923,5.2474,2,"{""AI & ML"": 0.87, ""Consumer Electronics"": 0.86}"
Accenture,10023,0514068560,2022,Technology,1881.04,"[""AI & ML"", ""Consumer Electronics""]","AI & ML, Consumer Electronics","The Company is engaged in ai & ml, consumer electronics. It provides innovative solutions and services to customers worldwide.",-4.8625,5.991,2,"{""AI & ML"": 0.66, ""Consumer Electronics"": 0.54}"
Accenture,10023,0514068560,2023,Technology,1856.63,"[""AI & ML"", ""Consumer Electronics""]","AI & ML, Consumer Electronics","The Company is engaged in ai & ml, consumer electronics. It provides innovative solutions and services to customers worldwide.",-4.922,6.4875,2,"{""AI & ML"": 0.74, ""Consumer Electronics"": 0.89}"
Accenture,10023,0514068560,2024,Technology,2008.43,"[""AI & ML"", ""Consumer Electronics""]","AI & ML, Consumer Electronics","The Company is engaged in ai & ml, consumer electronics. It provides innovative solutions and services to customers worldwide.",-4.2687,6.9825,2,"{""AI & ML"": 0.81, ""Consumer Electronics"": 0.88}"
Accenture,10023,0514068560,2025,Technology,1996.86,"[""AI & ML"", ""Consumer Electronics""]","AI & ML, Consumer Electronics","The Company is engaged in ai & ml, consumer electronics. It provides innovative solutions and services to customers worldwide.",-4.3248,5.6537,2,"{""AI & ML"": 0.94, ""Consumer Electronics"": 0.92}"
Shopify,10024,0269336878,2021,Technology,194.47,"[""AI & ML"", ""Semiconductors"", ""Cybersecurity"", ""Consumer Electronics""]","AI & ML, Semiconductors, Cybersecurity","The Company is engaged in ai & ml, semiconductors, cybersecurity. It provides innovative solutions and services to customers worldwide.",0.1145,1.4768,4,"{""AI & ML"": 0.7, ""Semiconductors"": 0.74, ""Cybersecurity"": 0.79, ""Consumer Electronics"": 0.79}"
Shopify,10024,0269336878,2022,Technology,203.46,"[""AI & ML"", ""Semiconductors"", ""Cybersecurity"", ""Consumer Electronics""]","AI & ML, Semiconductors, Cybersecurity","The Company is engaged in ai & ml, semiconductors, cybersecurity. It provides innovative solutions and services to customers worldwide.",0.8363,-0.1328,4,"{""AI & ML"": 0.9, ""Semiconductors"": 0.74, ""Cybersecurity"": 0.7, ""Consumer Electronics"": 0.68}"
Shopify,10024,0269336878,2023,Technology,215.2,"[""AI & ML"", ""Semiconductors"", ""Cybersecurity"", ""Consumer Electronics""]","AI & ML, Semiconductors, Cybersecurity","The Company is engaged in ai & ml, semiconductors, cybersecurity. It provides innovative solutions and services to customers worldwide.",1.9034,0.1215,4,"{""AI & ML"": 0.8, ""Semiconductors"": 0.83, ""Cybersecurity"": 0.73, ""Consumer Electronics"": 0.69}"
Shopify,10024,0269336878,2024,Technology,224.32,"[""AI & ML"", ""Semiconductors"", ""Cybersecurity"", ""Consumer Electronics""]","AI & ML, Semiconductors, Cybersecurity","The Company is engaged in ai & ml, semiconductors, cybersecurity. It provides innovative solutions and services to customers worldwide.",1.7289,0.9182,4,"{""AI & ML"": 0.95, ""Semiconductors"": 0.5, ""Cybersecurity"": 0.58, ""Consumer Electronics"": 0.67}"
Shopify,10024,0269336878,2025,Technology,225.29,"[""AI & ML"", ""Semiconductors"", ""Cybersecurity"", ""Consumer Electronics""]","AI & ML, Semiconductors, Cybersecurity","The Company is engaged in ai & ml, semiconductors, cybersecurity. It provides innovative solutions and services to customers worldwide.",3.8071,0.3979,4,"{""AI & ML"": 0.68, ""Semiconductors"": 0.54, ""Cybersecurity"": 0.65, ""Consumer Electronics"": 0.74}"
Intuit,10025,0114372528,2021,Technology,494.28,"[""Cloud Computing"", ""Semiconductors"", ""Cybersecurity""]","Cloud Computing, Semiconductors, Cybersecurity","The Company is engaged in cloud computing, semiconductors, cybersecurity. It provides innovative solutions and services to customers worldwide.",3.303,3.0853,3,"{""Cloud Computing"": 0.9, ""Semiconductors"": 0.77, ""Cybersecurity"": 0.91}"
Intuit,10025,0114372528,2022,Technology,552.39,"[""Cloud Computing"", ""Semiconductors"", ""Cybersecurity""]","Cloud Computing, Semiconductors, Cybersecurity","The Company is engaged in cloud computing, semiconductors, cybersecurity. It provides innovative solutions and services to customers worldwide.",3.1837,2.5578,3,"{""Cloud Computing"": 0.6, ""Semiconductors"": 0.87, ""Cybersecurity"": 0.55}"
Intuit,10025,0114372528,2023,Technology,528.83,"[""Cloud Computing"", ""Semiconductors"", ""Cybersecurity""]","Cloud Computing, Semiconductors, Cybersecurity","The Company is engaged in cloud computing, semiconductors, cybersecurity. It provides innovative solutions and services to customers worldwide.",3.0811,2.1569,3,"{""Cloud Computing"": 0.93, ""Semiconductors"": 0.87, ""Cybersecurity"": 0.86}"
Intuit,10025,0114372528,2024,Technology,557.2,"[""Cloud Computing"", ""Semiconductors"", ""Cybersecurity""]","Cloud Computing, Semiconductors, Cybersecurity","The Company is engaged in cloud computing, semiconductors, cybersecurity. It provides innovative solutions and services to customers worldwide.",2.0818,2.6141,3,"{""Cloud Computing"": 0.77, ""Semiconductors"": 0.74, ""Cybersecurity"": 0.62}"
Intuit,10025,0114372528,2025,Technology,640.38,"[""Cloud Computing"", ""Semiconductors"", ""Cybersecurity""]","Cloud Computing, Semiconductors, Cybersecurity","The Company is engaged in cloud computing, semiconductors, cybersecurity. It provides innovative solutions and services to customers worldwide.",0.6171,5.148,3,"{""Cloud Computing"": 0.9, ""Semiconductors"": 0.71, ""Cybersecurity"": 0.78}"
Workday,10026,0258803950,2021,Technology,175.68,"[""AI & ML"", ""Consumer Electronics"", ""Cloud Computing""]","AI & ML, Consumer Electronics, Cloud Computing","The Company is engaged in ai & ml, consumer electronics, cloud computing. It provides innovative solutions and services to customers worldwide.",2.0359,6.2137,3,"{""AI & ML"": 0.67, ""Consumer Electronics"": 0.62, ""Cloud Computing"": 0.83}"
Workday,10026,0258803950,2022,Technology,174.63,"[""AI & ML"", ""Consumer Electronics"", ""Cloud Computing""]","AI & ML, Consumer Electronics, Cloud Computing","The Company is engaged in ai & ml, consumer electronics, cloud computing. It provides innovative solutions and services to customers worldwide.",1.3632,6.207,3,"{""AI & ML"": 0.81, ""Consumer Electronics"": 0.53, ""Cloud Computing"": 0.88}"
Workday,10026,0258803950,2023,Technology,186.59,"[""AI & ML"", ""Consumer Electronics"", ""Cloud Computing""]","AI & ML, Consumer Electronics, Cloud Computing","The Company is engaged in ai & ml, consumer electronics, cloud computing. It provides innovative solutions and services to customers worldwide.",-1.4215,5.5109,3,"{""AI & ML"": 0.87, ""Consumer Electronics"": 0.66, ""Cloud Computing"": 0.81}"
Workday,10026,0258803950,2024,Technology,210.05,"[""AI & ML"", ""Consumer Electronics"", ""Cloud Computing""]","AI & ML, Consumer Electronics, Cloud Computing","The Company is engaged in ai & ml, consumer electronics, cloud computing. It provides innovative solutions and services to customers worldwide.",-2.733,5.8809,3,"{""AI & ML"": 0.86, ""Consumer Electronics"": 0.8, ""Cloud Computing"": 0.88}"
Workday,10026,0258803950,2025,Technology,234.71,"[""AI & ML"", ""Consumer Electronics"", ""Cloud Computing""]","AI & ML, Consumer Electronics, Cloud Computing","The Company is engaged in ai & ml, consumer electronics, cloud computing. It provides innovative solutions and services to customers worldwide.",-2.4085,6.4529,3,"{""AI & ML"": 0.81, ""Consumer Electronics"": 0.81, ""Cloud Computing"": 0.78}"
Atlassian,10027,0111667877,2021,Technology,704.04,"[""AI & ML"", ""Consumer Electronics""]","AI & ML, Consumer Electronics","The Company is engaged in ai & ml, consumer electronics. It provides innovative solutions and services to customers worldwide.",-1.8277,5.0472,2,"{""AI & ML"": 0.59, ""Consumer Electronics"": 0.54}"
Atlassian,10027,0111667877,2022,Technology,685.15,"[""AI & ML"", ""Consumer Electronics""]","AI & ML, Consumer Electronics","The Company is engaged in ai & ml, consumer electronics. It provides innovative solutions and services to customers worldwide.",-1.3057,3.5331,2,"{""AI & ML"": 0.67, ""Consumer Electronics"": 0.5}"
Atlassian,10027,0111667877,2023,Technology,689.71,"[""AI & ML"", ""Consumer Electronics""]","AI & ML, Consumer Electronics","The Company is engaged in ai & ml, consumer electronics. It provides innovative solutions and services to customers worldwide.",-1.4827,3.6849,2,"{""AI & ML"": 0.51, ""Consumer Electronics"": 0.69}"
Atlassian,10027,0111667877,2024,Technology,679.99,"[""AI & ML"", ""Consumer Electronics""]","AI & ML, Consumer Electronics","The Company is engaged in ai & ml, consumer electronics. It provides innovative solutions and services to customers worldwide.",-1.7636,4.5708,2,"{""AI & ML"": 0.84, ""Consumer Electronics"": 0.85}"
Atlassian,10027,0111667877,2025,Technology,774.82,"[""AI & ML"", ""Consumer Electronics""]","AI & ML, Consumer Electronics","The Company is engaged in ai & ml, consumer electronics. It provides innovative solutions and services to customers worldwide.",-1.3487,4.071,2,"{""AI & ML"": 0.57, ""Consumer Electronics"": 0.85}"
Zoom,10028,0995809936,2021,Technology,2272.74,"[""Cloud Computing"", ""Cybersecurity""]","Cloud Computing, Cybersecurity","The Company is engaged in cloud computing, cybersecurity. It provides innovative solutions and services to customers worldwide.",8.9606,1.4647,2,"{""Cloud Computing"": 0.81, ""Cybersecurity"": 0.7}"
Zoom,10028,0995809936,2022,Technology,2233.48,"[""Cloud Computing"", ""Cybersecurity""]","Cloud Computing, Cybersecurity","The Company is engaged in cloud computing, cybersecurity. It provides innovative solutions and services to customers worldwide.",7.8022,-0.2943,2,"{""Cloud Computing"": 0.86, ""Cybersecurity"": 0.81}"
Zoom,10028,0995809936,2023,Technology,2243.87,"[""Cloud Computing"", ""Cybersecurity""]","Cloud Computing, Cybersecurity","The Company is engaged in cloud computing, cybersecurity. It provides innovative solutions and services to customers worldwide.",8.6997,0.7541,2,"{""Cloud Computing"": 0.93, ""Cybersecurity"": 0.57}"
Zoom,10028,0995809936,2024,Technology,2320.04,"[""Cloud Computing"", ""Cybersecurity""]","Cloud Computing, Cybersecurity","The Company is engaged in cloud computing, cybersecurity. It provides innovative solutions and services to customers worldwide.",9.2199,0.6748,2,"{""Cloud Computing"": 0.79, ""Cybersecurity"": 0.68}"
Zoom,10028,0995809936,2025,Technology,2310.73,"[""Cloud Computing"", ""Cybersecurity""]","Cloud Computing, Cybersecurity","The Company is engaged in cloud computing, cybersecurity. It provides innovative solutions and services to customers worldwide.",9.9382,0.5095,2,"{""Cloud Computing"": 0.6, ""Cybersecurity"": 0.51}"
Slack,10029,0751404056,2021,Technology,2407.03,"[""Cybersecurity"", ""Cloud Computing"", ""Enterprise Software""]","Cybersecurity, Cloud Computing, Enterprise Software","The Company is engaged in cybersecurity, cloud computing, enterprise software. It provides innovative solutions and services to customers worldwide.",7.9547,1.5055,3,"{""Cybersecurity"": 0.91, ""Cloud Computing"": 0.78, ""Enterprise Software"": 0.86}"
Slack,10029,0751404056,2022,Technology,2346.95,"[""Cybersecurity"", ""Cloud Computing"", ""Enterprise Software""]","Cybersecurity, Cloud Computing, Enterprise Software","The Company is engaged in cybersecurity, cloud computing, enterprise software. It provides innovative solutions and services to customers worldwide.",7.1301,1.4657,3,"{""Cybersecurity"": 0.81, ""Cloud Computing"": 0.69, ""Enterprise Software"": 0.59}"
Slack,10029,0751404056,2023,Technology,2502.77,"[""Cybersecurity"", ""Cloud Computing"", ""Enterprise Software""]","Cybersecurity, Cloud Computing, Enterprise Software","The Company is engaged in cybersecurity, cloud computing, enterprise software. It provides innovative solutions and services to customers worldwide.",6.5374,1.4542,3,"{""Cybersecurity"": 0.62, ""Cloud Computing"": 0.86, ""Enterprise Software"": 0.64}"
Slack,10029,0751404056,2024,Technology,2413.9,"[""Cybersecurity"", ""Cloud Computing"", ""Enterprise Software""]","Cybersecurity, Cloud Computing, Enterprise Software","The Company is engaged in cybersecurity, cloud computing, enterprise software. It provides innovative solutions and services to customers worldwide.",6.3159,1.4339,3,"{""Cybersecurity"": 0.68, ""Cloud Computing"": 0.72, ""Enterprise Software"": 0.77}"
Slack,10029,0751404056,2025,Technology,2708.45,"[""Cybersecurity"", ""Cloud Computing"", ""Enterprise Software""]","Cybersecurity, Cloud Computing, Enterprise Software","The Company is engaged in cybersecurity, cloud computing, enterprise software. It provides innovative solutions and services to customers worldwide.",7.1347,0.559,3,"{""Cybersecurity"": 0.85, ""Cloud Computing"": 0.52, ""Enterprise Software"": 0.72}"
MongoDB,10030,0550671703,2021,Technology,561.41,"[""Semiconductors"", ""Enterprise Software""]","Semiconductors, Enterprise Software","The Company is engaged in semiconductors, enterprise software. It provides innovative solutions and services to customers worldwide.",-0.4091,-0.1847,2,"{""Semiconductors"": 0.94, ""Enterprise Software"": 0.59}"
MongoDB,10030,0550671703,2022,Technology,537.96,"[""Semiconductors"", ""Enterprise Software""]","Semiconductors, Enterprise Software","The Company is engaged in semiconductors, enterprise software. It provides innovative solutions and services to customers worldwide.",0.3264,0.2574,2,"{""Semiconductors"": 0.8, ""Enterprise Software"": 0.93}"
MongoDB,10030,0550671703,2023,Technology,577.01,"[""Semiconductors"", ""Enterprise Software""]","Semiconductors, Enterprise Software","The Company is engaged in semiconductors, enterprise software. It provides innovative solutions and services to customers worldwide.",1.6877,1.3639,2,"{""Semiconductors"": 0.63, ""Enterprise Software"": 0.92}"
MongoDB,10030,0550671703,2024,Technology,638.57,"[""Semiconductors"", ""Enterprise Software""]","Semiconductors, Enterprise Software","The Company is engaged in semiconductors, enterprise software. It provides innovative solutions and services to customers worldwide.",1.8047,1.7816,2,"{""Semiconductors"": 0.78, ""Enterprise Software"": 0.72}"
MongoDB,10030,0550671703,2025,Technology,682.95,"[""Semiconductors"", ""Enterprise Software""]","Semiconductors, Enterprise Software","The Company is engaged in semiconductors, enterprise software. It provides innovative solutions and services to customers worldwide.",2.3258,3.3628,2,"{""Semiconductors"": 0.85, ""Enterprise Software"": 0.72}"
Datadog,10031,0275037566,2021,Technology,1958.72,"[""Cloud Computing"", ""Cybersecurity"", ""AI & ML""]","Cloud Computing, Cybersecurity, AI & ML","The Company is engaged in cloud computing, cybersecurity, ai & ml. It provides innovative solutions and services to customers worldwide.",3.5726,6.4771,3,"{""Cloud Computing"": 0.75, ""Cybersecurity"": 0.82, ""AI & ML"": 0.6}"
Datadog,10031,0275037566,2022,Technology,2127.26,"[""Cloud Computing"", ""Cybersecurity"", ""AI & ML""]","Cloud Computing, Cybersecurity, AI & ML","The Company is engaged in cloud computing, cybersecurity, ai & ml. It provides innovative solutions and services to customers worldwide.",2.6703,6.9286,3,"{""Cloud Computing"": 0.53, ""Cybersecurity"": 0.51, ""AI & ML"": 0.62}"
Datadog,10031,0275037566,2023,Technology,2330.27,"[""Cloud Computing"", ""Cybersecurity"", ""AI & ML""]","Cloud Computing, Cybersecurity, AI & ML","The Company is engaged in cloud computing, cybersecurity, ai & ml. It provides innovative solutions and services to customers worldwide.",3.5432,6.84,3,"{""Cloud Computing"": 0.83, ""Cybersecurity"": 0.69, ""AI & ML"": 0.66}"
Datadog,10031,0275037566,2024,Technology,2551.77,"[""Cloud Computing"", ""Cybersecurity"", ""AI & ML""]","Cloud Computing, Cybersecurity, AI & ML","The Company is engaged in cloud computing, cybersecurity, ai & ml. It provides innovative solutions and services to customers worldwide.",2.2937,8.4414,3,"{""Cloud Computing"": 0.72, ""Cybersecurity"": 0.89, ""AI & ML"": 0.91}"
Datadog,10031,0275037566,2025,Technology,2726.49,"[""Cloud Computing"", ""Cybersecurity"", ""AI & ML""]","Cloud Computing, Cybersecurity, AI & ML","The Company is engaged in cloud computing, cybersecurity, ai & ml. It provides innovative solutions and services to customers worldwide.",0.9873,7.9831,3,"{""Cloud Computing"": 0.91, ""Cybersecurity"": 0.59, ""AI & ML"": 0.78}"
Twilio,10032,0665046823,2021,Technology,2844.64,"[""Consumer Electronics"", ""Cloud Computing""]","Consumer Electronics, Cloud Computing","The Company is engaged in consumer electronics, cloud computing. It provides innovative solutions and services to customers worldwide.",-4.2482,-0.2685,2,"{""Consumer Electronics"": 0.68, ""Cloud Computing"": 0.77}"
Twilio,10032,0665046823,2022,Technology,2756.6,"[""Consumer Electronics"", ""Cloud Computing""]","Consumer Electronics, Cloud Computing","The Company is engaged in consumer electronics, cloud computing. It provides innovative solutions and services to customers worldwide.",-2.7988,0.4393,2,"{""Consumer Electronics"": 0.79, ""Cloud Computing"": 0.64}"
Twilio,10032,0665046823,2023,Technology,2623.75,"[""Consumer Electronics"", ""Cloud Computing""]","Consumer Electronics, Cloud Computing","The Company is engaged in consumer electronics, cloud computing. It provides innovative solutions and services to customers worldwide.",-1.9612,0.2031,2,"{""Consumer Electronics"": 0.76, ""Cloud Computing"": 0.77}"
Twilio,10032,0665046823,2024,Technology,2615.71,"[""Consumer Electronics"", ""Cloud Computing""]","Consumer Electronics, Cloud Computing","The Company is engaged in consumer electronics, cloud computing. It provides innovative solutions and services to customers worldwide.",-3.0863,-0.239,2,"{""Consumer Electronics"": 0.9, ""Cloud Computing"": 0.7}"
Twilio,10032,0665046823,2025,Technology,2835.11,"[""Consumer Electronics"", ""Cloud Computing""]","Consumer Electronics, Cloud Computing","The Company is engaged in consumer electronics, cloud computing. It provides innovative solutions and services to customers worldwide.",-3.5593,-1.8007,2,"{""Consumer Electronics"": 0.57, ""Cloud Computing"": 0.7}"
Square,10033,0477460487,2021,Technology,2448.61,"[""Enterprise Software"", ""Semiconductors""]","Enterprise Software, Semiconductors","The Company is engaged in enterprise software, semiconductors. It provides innovative solutions and services to customers worldwide.",1.7934,1.2232,2,"{""Enterprise Software"": 0.59, ""Semiconductors"": 0.55}"
Square,10033,0477460487,2022,Technology,2586.31,"[""Enterprise Software"", ""Semiconductors""]","Enterprise Software, Semiconductors","The Company is engaged in enterprise software, semiconductors. It provides innovative solutions and services to customers worldwide.",1.7361,1.1934,2,"{""Enterprise Software"": 0.92, ""Semiconductors"": 0.52}"
Square,10033,0477460487,2023,Technology,2940.05,"[""Enterprise Software"", ""Semiconductors""]","Enterprise Software, Semiconductors","The Company is engaged in enterprise software, semiconductors. It provides innovative solutions and services to customers worldwide.",1.6314,0.3655,2,"{""Enterprise Software"": 0.64, ""Semiconductors"": 0.73}"
Square,10033,0477460487,2024,Technology,3060.44,"[""Enterprise Software"", ""Semiconductors""]","Enterprise Software, Semiconductors","The Company is engaged in enterprise software, semiconductors. It provides innovative solutions and services to customers worldwide.",2.3644,0.6427,2,"{""Enterprise Software"": 0.73, ""Semiconductors"": 0.72}"
Square,10033,0477460487,2025,Technology,2925.76,"[""Enterprise Software"", ""Semiconductors""]","Enterprise Software, Semiconductors","The Company is engaged in enterprise software, semiconductors. It provides innovative solutions and services to customers worldwide.",1.6675,0.9654,2,"{""Enterprise Software"": 0.64, ""Semiconductors"": 0.82}"
PayPal,10034,0966953961,2021,Technology,2895.46,"[""AI & ML"", ""Enterprise Software"", ""Consumer Electronics""]","AI & ML, Enterprise Software, Consumer Electronics","The Company is engaged in ai & ml, enterprise software, consumer electronics. It provides innovative solutions and services to customers worldwide.",1.6668,-3.1578,3,"{""AI & ML"": 0.85, ""Enterprise Software"": 0.55, ""Consumer Electronics"": 0.86}"
PayPal,10034,0966953961,2022,Technology,3295.53,"[""AI & ML"", ""Enterprise Software"", ""Consumer Electronics""]","AI & ML, Enterprise Software, Consumer Electronics","The Company is engaged in ai & ml, enterprise software, consumer electronics. It provides innovative solutions and services to customers worldwide.",1.8113,-2.5564,3,"{""AI & ML"": 0.87, ""Enterprise Software"": 0.8, ""Consumer Electronics"": 0.76}"
PayPal,10034,0966953961,2023,Technology,3529.49,"[""AI & ML"", ""Enterprise Software"", ""Consumer Electronics""]","AI & ML, Enterprise Software, Consumer Electronics","The Company is engaged in ai & ml, enterprise software, consumer electronics. It provides innovative solutions and services to customers worldwide.",1.0193,-2.9084,3,"{""AI & ML"": 0.64, ""Enterprise Software"": 0.89, ""Consumer Electronics"": 0.95}"
PayPal,10034,0966953961,2024,Technology,3556.8,"[""AI & ML"", ""Enterprise Software"", ""Consumer Electronics""]","AI & ML, Enterprise Software, Consumer Electronics","The Company is engaged in ai & ml, enterprise software, consumer electronics. It provides innovative solutions and services to customers worldwide.",0.7517,-2.7435,3,"{""AI & ML"": 0.55, ""Enterprise Software"": 0.79, ""Consumer Electronics"": 0.84}"
PayPal,10034,0966953961,2025,Technology,4020.16,"[""AI & ML"", ""Enterprise Software"", ""Consumer Electronics""]","AI & ML, Enterprise Software, Consumer Electronics","The Company is engaged in ai & ml, enterprise software, consumer electronics. It provides innovative solutions and services to customers worldwide.",0.6625,-2.1292,3,"{""AI & ML"": 0.9, ""Enterprise Software"": 0.64, ""Consumer Electronics"": 0.89}"
Visa,10035,0639758208,2021,Technology,442.85,"[""AI & ML"", ""Enterprise Software"", ""Consumer Electronics""]","AI & ML, Enterprise Software, Consumer Electronics","The Company is engaged in ai & ml, enterprise software, consumer electronics. It provides innovative solutions and services to customers worldwide.",1.9213,1.788,3,"{""AI & ML"": 0.76, ""Enterprise Software"": 0.58, ""Consumer Electronics"": 0.79}"
Visa,10035,0639758208,2022,Technology,468.74,"[""AI & ML"", ""Enterprise Software"", ""Consumer Electronics""]","AI & ML, Enterprise Software, Consumer Electronics","The Company is engaged in ai & ml, enterprise software, consumer electronics. It provides innovative solutions and services to customers worldwide.",1.9236,3.0843,3,"{""AI & ML"": 0.93, ""Enterprise Software"": 0.88, ""Consumer Electronics"": 0.91}"
Visa,10035,0639758208,2023,Technology,468.37,"[""AI & ML"", ""Enterprise Software"", ""Consumer Electronics""]","AI & ML, Enterprise Software, Consumer Electronics","The Company is engaged in ai & ml, enterprise software, consumer electronics. It provides innovative solutions and services to customers worldwide.",1.9953,2.1392,3,"{""AI & ML"": 0.71, ""Enterprise Software"": 0.68, ""Consumer Electronics"": 0.75}"
Visa,10035,0639758208,2024,Technology,493.78,"[""AI & ML"", ""Enterprise Software"", ""Consumer Electronics""]","AI & ML, Enterprise Software, Consumer Electronics","The Company is engaged in ai & ml, enterprise software, consumer electronics. It provides innovative solutions and services to customers worldwide.",2.6792,2.9228,3,"{""AI & ML"": 0.87, ""Enterprise Software"": 0.69, ""Consumer Electronics"": 0.9}"
Visa,10035,0639758208,2025,Technology,488.56,"[""AI & ML"", ""Enterprise Software"", ""Consumer Electronics""]","AI & ML, Enterprise Software, Consumer Electronics","The Company is engaged in ai & ml, enterprise software, consumer electronics. It provides innovative solutions and services to customers worldwide.",1.7298,4.1473,3,"{""AI & ML"": 0.72, ""Enterprise Software"": 0.59, ""Consumer Electronics"": 0.57}"
Johnson & Johnson,10036,0604021955,2021,Healthcare,141.28,"[""Diagnostics"", ""Medical Devices"", ""Health Insurance""]","Diagnostics, Medical Devices, Health Insurance","The Company is engaged in diagnostics, medical devices, health insurance. It provides innovative solutions and services to customers worldwide.",-4.54,1.7705,3,"{""Diagnostics"": 0.81, ""Medical Devices"": 0.58, ""Health Insurance"": 0.74}"
Johnson & Johnson,10036,0604021955,2022,Healthcare,150.25,"[""Diagnostics"", ""Medical Devices"", ""Health Insurance""]","Diagnostics, Medical Devices, Health Insurance","The Company is engaged in diagnostics, medical devices, health insurance. It provides innovative solutions and services to customers worldwide.",-5.0211,2.0263,3,"{""Diagnostics"": 0.62, ""Medical Devices"": 0.93, ""Health Insurance"": 0.72}"
Johnson & Johnson,10036,0604021955,2023,Healthcare,144.04,"[""Diagnostics"", ""Medical Devices"", ""Health Insurance""]","Diagnostics, Medical Devices, Health Insurance","The Company is engaged in diagnostics, medical devices, health insurance. It provides innovative solutions and services to customers worldwide.",-4.842,3.1176,3,"{""Diagnostics"": 0.78, ""Medical Devices"": 0.93, ""Health Insurance"": 0.77}"
Johnson & Johnson,10036,0604021955,2024,Healthcare,143.41,"[""Diagnostics"", ""Medical Devices"", ""Health Insurance""]","Diagnostics, Medical Devices, Health Insurance","The Company is engaged in diagnostics, medical devices, health insurance. It provides innovative solutions and services to customers worldwide.",-4.8029,3.1501,3,"{""Diagnostics"": 0.6, ""Medical Devices"": 0.77, ""Health Insurance"": 0.68}"
Johnson & Johnson,10036,0604021955,2025,Healthcare,158.62,"[""Diagnostics"", ""Medical Devices"", ""Health Insurance""]","Diagnostics, Medical Devices, Health Insurance","The Company is engaged in diagnostics, medical devices, health insurance. It provides innovative solutions and services to customers worldwide.",-5.798,2.5957,3,"{""Diagnostics"": 0.62, ""Medical Devices"": 0.87, ""Health Insurance"": 0.69}"
Pfizer,10037,0819621321,2021,Healthcare,437.75,"[""Health Insurance"", ""Biotechnology"", ""Pharmaceuticals"", ""Medical Devices""]","Health Insurance, Biotechnology, Pharmaceuticals","The Company is engaged in health insurance, biotechnology, pharmaceuticals. It provides innovative solutions and services to customers worldwide.",-4.9748,2.8179,4,"{""Health Insurance"": 0.75, ""Biotechnology"": 0.6, ""Pharmaceuticals"": 0.68, ""Medical Devices"": 0.77}"
Pfizer,10037,0819621321,2022,Healthcare,427.81,"[""Health Insurance"", ""Biotechnology"", ""Pharmaceuticals"", ""Medical Devices""]","Health Insurance, Biotechnology, Pharmaceuticals","The Company is engaged in health insurance, biotechnology, pharmaceuticals. It provides innovative solutions and services to customers worldwide.",-4.7233,2.8162,4,"{""Health Insurance"": 0.81, ""Biotechnology"": 0.68, ""Pharmaceuticals"": 0.69, ""Medical Devices"": 0.82}"
Pfizer,10037,0819621321,2023,Healthcare,429.88,"[""Health Insurance"", ""Biotechnology"", ""Pharmaceuticals"", ""Medical Devices""]","Health Insurance, Biotechnology, Pharmaceuticals","The Company is engaged in health insurance, biotechnology, pharmaceuticals. It provides innovative solutions and services to customers worldwide.",-4.2681,4.1189,4,"{""Health Insurance"": 0.54, ""Biotechnology"": 0.54, ""Pharmaceuticals"": 0.9, ""Medical Devices"": 0.59}"
Pfizer,10037,0819621321,2024,Healthcare,438.91,"[""Health Insurance"", ""Biotechnology"", ""Pharmaceuticals"", ""Medical Devices""]","Health Insurance, Biotechnology, Pharmaceuticals","The Company is engaged in health insurance, biotechnology, pharmaceuticals. It provides innovative solutions and services to customers worldwide.",-5.1487,3.5499,4,"{""Health Insurance"": 0.53, ""Biotechnology"": 0.73, ""Pharmaceuticals"": 0.53, ""Medical Devices"": 0.86}"
Pfizer,10037,0819621321,2025,Healthcare,494.22,"[""Health Insurance"", ""Biotechnology"", ""Pharmaceuticals"", ""Medical Devices""]","Health Insurance, Biotechnology, Pharmaceuticals","The Company is engaged in health insurance, biotechnology, pharmaceuticals. It provides innovative solutions and services to customers worldwide.",-4.9617,2.3052,4,"{""Health Insurance"": 0.79, ""Biotechnology"": 0.74, ""Pharmaceuticals"": 0.65, ""Medical Devices"": 0.65}"
UnitedHealth,10038,0827940933,2021,Healthcare,46.93,"[""Diagnostics"", ""Health Insurance"", ""Medical Devices""]","Diagnostics, Health Insurance, Medical Devices","The Company is engaged in diagnostics, health insurance, medical devices. It provides innovative solutions and services to customers worldwide.",-5.8957,3.1936,3,"{""Diagnostics"": 0.84, ""Health Insurance"": 0.66, ""Medical Devices"": 0.8}"
UnitedHealth,10038,0827940933,2022,Healthcare,46.01,"[""Diagnostics"", ""Health Insurance"", ""Medical Devices""]","Diagnostics, Health Insurance, Medical Devices","The Company is engaged in diagnostics, health insurance, medical devices. It provides innovative solutions and services to customers worldwide.",-6.3229,2.0679,3,"{""Diagnostics"": 0.95, ""Health Insurance"": 0.92, ""Medical Devices"": 0.74}"
UnitedHealth,10038,0827940933,2023,Healthcare,49.45,"[""Diagnostics"", ""Health Insurance"", ""Medical Devices""]","Diagnostics, Health Insurance, Medical Devices","The Company is engaged in diagnostics, health insurance, medical devices. It provides innovative solutions and services to customers worldwide.",-6.2627,3.0495,3,"{""Diagnostics"": 0.54, ""Health Insurance"": 0.84, ""Medical Devices"": 0.56}"
UnitedHealth,10038,0827940933,2024,Healthcare,53.99,"[""Diagnostics"", ""Health Insurance"", ""Medical Devices""]","Diagnostics, Health Insurance, Medical Devices","The Company is engaged in diagnostics, health insurance, medical devices. It provides innovative solutions and services to customers worldwide.",-5.8597,3.5155,3,"{""Diagnostics"": 0.52, ""Health Insurance"": 0.64, ""Medical Devices"": 0.62}"
UnitedHealth,10038,0827940933,2025,Healthcare,61.41,"[""Diagnostics"", ""Health Insurance"", ""Medical Devices""]","Diagnostics, Health Insurance, Medical Devices","The Company is engaged in diagnostics, health insurance, medical devices. It provides innovative solutions and services to customers worldwide.",-6.4232,3.3244,3,"{""Diagnostics"": 0.75, ""Health Insurance"": 0.64, ""Medical Devices"": 0.68}"
AbbVie,10039,0946978454,2021,Healthcare,477.51,"[""Diagnostics"", ""Pharmaceuticals"", ""Health Insurance""]","Diagnostics, Pharmaceuticals, Health Insurance","The Company is engaged in diagnostics, pharmaceuticals, health insurance. It provides innovative solutions and services to customers worldwide.",-4.8241,5.0262,3,"{""Diagnostics"": 0.54, ""Pharmaceuticals"": 0.68, ""Health Insurance"": 0.58}"
AbbVie,10039,0946978454,2022,Healthcare,546.81,"[""Diagnostics"", ""Pharmaceuticals"", ""Health Insurance""]","Diagnostics, Pharmaceuticals, Health Insurance","The Company is engaged in diagnostics, pharmaceuticals, health insurance. It provides innovative solutions and services to customers worldwide.",-5.6534,6.0766,3,"{""Diagnostics"": 0.79, ""Pharmaceuticals"": 0.87, ""Health Insurance"": 0.56}"
AbbVie,10039,0946978454,2023,Healthcare,603.11,"[""Diagnostics"", ""Pharmaceuticals"", ""Health Insurance""]","Diagnostics, Pharmaceuticals, Health Insurance","The Company is engaged in diagnostics, pharmaceuticals, health insurance. It provides innovative solutions and services to customers worldwide.",-3.6815,5.8365,3,"{""Diagnostics"": 0.58, ""Pharmaceuticals"": 0.73, ""Health Insurance"": 0.68}"
AbbVie,10039,0946978454,2024,Healthcare,581.18,"[""Diagnostics"", ""Pharmaceuticals"", ""Health Insurance""]","Diagnostics, Pharmaceuticals, Health Insurance","The Company is engaged in diagnostics, pharmaceuticals, health insurance. It provides innovative solutions and services to customers worldwide.",-3.9789,5.0427,3,"{""Diagnostics"": 0.51, ""Pharmaceuticals"": 0.56, ""Health Insurance"": 0.93}"
AbbVie,10039,0946978454,2025,Healthcare,602.39,"[""Diagnostics"", ""Pharmaceuticals"", ""Health Insurance""]","Diagnostics, Pharmaceuticals, Health Insurance","The Company is engaged in diagnostics, pharmaceuticals, health insurance. It provides innovative solutions and services to customers worldwide.",-3.5727,5.0859,3,"{""Diagnostics"": 0.64, ""Pharmaceuticals"": 0.73, ""Health Insurance"": 0.7}"
Merck,10040,0553826363,2021,Healthcare,471.93,"[""Pharmaceuticals"", ""Health Insurance""]","Pharmaceuticals, Health Insurance","The Company is engaged in pharmaceuticals, health insurance. It provides innovative solutions and services to customers worldwide.",-3.9956,-1.3358,2,"{""Pharmaceuticals"": 0.78, ""Health Insurance"": 0.63}"
Merck,10040,0553826363,2022,Healthcare,455.38,"[""Pharmaceuticals"", ""Health Insurance""]","Pharmaceuticals, Health Insurance","The Company is engaged in pharmaceuticals, health insurance. It provides innovative solutions and services to customers worldwide.",-4.9802,-1.5441,2,"{""Pharmaceuticals"": 0.85, ""Health Insurance"": 0.62}"
Merck,10040,0553826363,2023,Healthcare,488.9,"[""Pharmaceuticals"", ""Health Insurance""]","Pharmaceuticals, Health Insurance","The Company is engaged in pharmaceuticals, health insurance. It provides innovative solutions and services to customers worldwide.",-4.5414,-2.2821,2,"{""Pharmaceuticals"": 0.78, ""Health Insurance"": 0.6}"
Merck,10040,0553826363,2024,Healthcare,481.44,"[""Pharmaceuticals"", ""Health Insurance""]","Pharmaceuticals, Health Insurance","The Company is engaged in pharmaceuticals, health insurance. It provides innovative solutions and services to customers worldwide.",-5.1276,-2.8434,2,"{""Pharmaceuticals"": 0.8, ""Health Insurance"": 0.88}"
Merck,10040,0553826363,2025,Healthcare,496.35,"[""Pharmaceuticals"", ""Health Insurance""]","Pharmaceuticals, Health Insurance","The Company is engaged in pharmaceuticals, health insurance. It provides innovative solutions and services to customers worldwide.",-4.426,-2.3045,2,"{""Pharmaceuticals"": 0.79, ""Health Insurance"": 0.66}"
Thermo Fisher,10041,0209541530,2021,Healthcare,208.37,"[""Biotechnology"", ""Diagnostics"", ""Medical Devices""]","Biotechnology, Diagnostics, Medical Devices","The Company is engaged in biotechnology, diagnostics, medical devices. It provides innovative solutions and services to customers worldwide.",-8.88,6.8571,3,"{""Biotechnology"": 0.61, ""Diagnostics"": 0.94, ""Medical Devices"": 0.86}"
Thermo Fisher,10041,0209541530,2022,Healthcare,202.53,"[""Biotechnology"", ""Diagnostics"", ""Medical Devices""]","Biotechnology, Diagnostics, Medical Devices","The Company is engaged in biotechnology, diagnostics, medical devices. It provides innovative solutions and services to customers worldwide.",-8.8923,7.3205,3,"{""Biotechnology"": 0.75, ""Diagnostics"": 0.7, ""Medical Devices"": 0.88}"
Thermo Fisher,10041,0209541530,2023,Healthcare,198.48,"[""Biotechnology"", ""Diagnostics"", ""Medical Devices""]","Biotechnology, Diagnostics, Medical Devices","The Company is engaged in biotechnology, diagnostics, medical devices. It provides innovative solutions and services to customers worldwide.",-8.9141,6.5739,3,"{""Biotechnology"": 0.65, ""Diagnostics"": 0.83, ""Medical Devices"": 0.71}"
Thermo Fisher,10041,0209541530,2024,Healthcare,206.79,"[""Biotechnology"", ""Diagnostics"", ""Medical Devices""]","Biotechnology, Diagnostics, Medical Devices","The Company is engaged in biotechnology, diagnostics, medical devices. It provides innovative solutions and services to customers worldwide.",-10.0117,5.283,3,"{""Biotechnology"": 0.85, ""Diagnostics"": 0.9, ""Medical Devices"": 0.93}"
Thermo Fisher,10041,0209541530,2025,Healthcare,224.91,"[""Biotechnology"", ""Diagnostics"", ""Medical Devices""]","Biotechnology, Diagnostics, Medical Devices","The Company is engaged in biotechnology, diagnostics, medical devices. It provides innovative solutions and services to customers worldwide.",-10.5469,6.115,3,"{""Biotechnology"": 0.7, ""Diagnostics"": 0.61, ""Medical Devices"": 0.88}"
Abbott,10042,0265039929,2021,Healthcare,137.39,"[""Pharmaceuticals"", ""Medical Devices""]","Pharmaceuticals, Medical Devices","The Company is engaged in pharmaceuticals, medical devices. It provides innovative solutions and services to customers worldwide.",-6.6154,5.9971,2,"{""Pharmaceuticals"": 0.94, ""Medical Devices"": 0.7}"
Abbott,10042,0265039929,2022,Healthcare,152.56,"[""Pharmaceuticals"", ""Medical Devices""]","Pharmaceuticals, Medical Devices","The Company is engaged in pharmaceuticals, medical devices. It provides innovative solutions and services to customers worldwide.",-5.981,6.9793,2,"{""Pharmaceuticals"": 0.55, ""Medical Devices"": 0.52}"
Abbott,10042,0265039929,2023,Healthcare,159.02,"[""Pharmaceuticals"", ""Medical Devices""]","Pharmaceuticals, Medical Devices","The Company is engaged in pharmaceuticals, medical devices. It provides innovative solutions and services to customers worldwide.",-7.9281,7.1279,2,"{""Pharmaceuticals"": 0.95, ""Medical Devices"": 0.94}"
Abbott,10042,0265039929,2024,Healthcare,168.55,"[""Pharmaceuticals"", ""Medical Devices""]","Pharmaceuticals, Medical Devices","The Company is engaged in pharmaceuticals, medical devices. It provides innovative solutions and services to customers worldwide.",-8.7895,5.705,2,"{""Pharmaceuticals"": 0.87, ""Medical Devices"": 0.53}"
Abbott,10042,0265039929,2025,Healthcare,177.47,"[""Pharmaceuticals"", ""Medical Devices""]","Pharmaceuticals, Medical Devices","The Company is engaged in pharmaceuticals, medical devices. It provides innovative solutions and services to customers worldwide.",-9.4278,5.5892,2,"{""Pharmaceuticals"": 0.9, ""Medical Devices"": 0.85}"
Eli Lilly,10043,0635425944,2021,Healthcare,520.95,"[""Diagnostics"", ""Health Insurance"", ""Pharmaceuticals"", ""Biotechnology""]","Diagnostics, Health Insurance, Pharmaceuticals","The Company is engaged in diagnostics, health insurance, pharmaceuticals. It provides innovative solutions and services to customers worldwide.",-5.1277,4.2486,4,"{""Diagnostics"": 0.84, ""Health Insurance"": 0.87, ""Pharmaceuticals"": 0.8, ""Biotechnology"": 0.56}"
Eli Lilly,10043,0635425944,2022,Healthcare,518.31,"[""Diagnostics"", ""Health Insurance"", ""Pharmaceuticals"", ""Biotechnology""]","Diagnostics, Health Insurance, Pharmaceuticals","The Company is engaged in diagnostics, health insurance, pharmaceuticals. It provides innovative solutions and services to customers worldwide.",-4.6822,4.0803,4,"{""Diagnostics"": 0.67, ""Health Insurance"": 0.69, ""Pharmaceuticals"": 0.7, ""Biotechnology"": 0.78}"
Eli Lilly,10043,0635425944,2023,Healthcare,584.33,"[""Diagnostics"", ""Health Insurance"", ""Pharmaceuticals"", ""Biotechnology""]","Diagnostics, Health Insurance, Pharmaceuticals","The Company is engaged in diagnostics, health insurance, pharmaceuticals. It provides innovative solutions and services to customers worldwide.",-4.8592,3.8588,4,"{""Diagnostics"": 0.79, ""Health Insurance"": 0.63, ""Pharmaceuticals"": 0.87, ""Biotechnology"": 0.89}"
Eli Lilly,10043,0635425944,2024,Healthcare,608.94,"[""Diagnostics"", ""Health Insurance"", ""Pharmaceuticals"", ""Biotechnology""]","Diagnostics, Health Insurance, Pharmaceuticals","The Company is engaged in diagnostics, health insurance, pharmaceuticals. It provides innovative solutions and services to customers worldwide.",-4.1892,3.2079,4,"{""Diagnostics"": 0.88, ""Health Insurance"": 0.83, ""Pharmaceuticals"": 0.85, ""Biotechnology"": 0.8}"
Eli Lilly,10043,0635425944,2025,Healthcare,698.41,"[""Diagnostics"", ""Health Insurance"", ""Pharmaceuticals"", ""Biotechnology""]","Diagnostics, Health Insurance, Pharmaceuticals","The Company is engaged in diagnostics, health insurance, pharmaceuticals. It provides innovative solutions and services to customers worldwide.",-4.0444,2.1704,4,"{""Diagnostics"": 0.92, ""Health Insurance"": 0.52, ""Pharmaceuticals"": 0.57, ""Biotechnology"": 0.56}"
Bristol-Myers Squibb,10044,0494582451,2021,Healthcare,454.71,"[""Diagnostics"", ""Medical Devices"", ""Pharmaceuticals"", ""Health Insurance""]","Diagnostics, Medical Devices, Pharmaceuticals","The Company is engaged in diagnostics, medical devices, pharmaceuticals. It provides innovative solutions and services to customers worldwide.",-1.7049,4.6586,4,"{""Diagnostics"": 0.57, ""Medical Devices"": 0.71, ""Pharmaceuticals"": 0.5, ""Health Insurance"": 0.61}"
Bristol-Myers Squibb,10044,0494582451,2022,Healthcare,504.73,"[""Diagnostics"", ""Medical Devices"", ""Pharmaceuticals"", ""Health Insurance""]","Diagnostics, Medical Devices, Pharmaceuticals","The Company is engaged in diagnostics, medical devices, pharmaceuticals. It provides innovative solutions and services to customers worldwide.",-1.8721,3.9782,4,"{""Diagnostics"": 0.59, ""Medical Devices"": 0.75, ""Pharmaceuticals"": 0.83, ""Health Insurance"": 0.78}"
Bristol-Myers Squibb,10044,0494582451,2023,Healthcare,558.62,"[""Diagnostics"", ""Medical Devices"", ""Pharmaceuticals"", ""Health Insurance""]","Diagnostics, Medical Devices, Pharmaceuticals","The Company is engaged in diagnostics, medical devices, pharmaceuticals. It provides innovative solutions and services to customers worldwide.",-2.2839,3.09,4,"{""Diagnostics"": 0.75, ""Medical Devices"": 0.5, ""Pharmaceuticals"": 0.84, ""Health Insurance"": 0.52}"
Bristol-Myers Squibb,10044,0494582451,2024,Healthcare,637.73,"[""Diagnostics"", ""Medical Devices"", ""Pharmaceuticals"", ""Health Insurance""]","Diagnostics, Medical Devices, Pharmaceuticals","The Company is engaged in diagnostics, medical devices, pharmaceuticals. It provides innovative solutions and services to customers worldwide.",-2.9118,3.6086,4,"{""Diagnostics"": 0.67, ""Medical Devices"": 0.65, ""Pharmaceuticals"": 0.57, ""Health Insurance"": 0.64}"
Bristol-Myers Squibb,10044,0494582451,2025,Healthcare,697.94,"[""Diagnostics"", ""Medical Devices"", ""Pharmaceuticals"", ""Health Insurance""]","Diagnostics, Medical Devices, Pharmaceuticals","The Company is engaged in diagnostics, medical devices, pharmaceuticals. It provides innovative solutions and services to customers worldwide.",-3.5655,1.9333,4,"{""Diagnostics"": 0.9, ""Medical Devices"": 0.77, ""Pharmaceuticals"": 0.68, ""Health Insurance"": 0.69}"
Amgen,10045,0940173543,2021,Healthcare,112.18,"[""Medical Devices"", ""Biotechnology"", ""Pharmaceuticals""]","Medical Devices, Biotechnology, Pharmaceuticals","The Company is engaged in medical devices, biotechnology, pharmaceuticals. It provides innovative solutions and services to customers worldwide.",-7.7216,9.0207,3,"{""Medical Devices"": 0.77, ""Biotechnology"": 0.8, ""Pharmaceuticals"": 0.86}"
Amgen,10045,0940173543,2022,Healthcare,117.75,"[""Medical Devices"", ""Biotechnology"", ""Pharmaceuticals""]","Medical Devices, Biotechnology, Pharmaceuticals","The Company is engaged in medical devices, biotechnology, pharmaceuticals. It provides innovative solutions and services to customers worldwide.",-7.0989,8.5798,3,"{""Medical Devices"": 0.53, ""Biotechnology"": 0.53, ""Pharmaceuticals"": 0.65}"
Amgen,10045,0940173543,2023,Healthcare,130.44,"[""Medical Devices"", ""Biotechnology"", ""Pharmaceuticals""]","Medical Devices, Biotechnology, Pharmaceuticals","The Company is engaged in medical devices, biotechnology, pharmaceuticals. It provides innovative solutions and services to customers worldwide.",-6.5418,9.344,3,"{""Medical Devices"": 0.73, ""Biotechnology"": 0.7, ""Pharmaceuticals"": 0.57}"
Amgen,10045,0940173543,2024,Healthcare,126.23,"[""Medical Devices"", ""Biotechnology"", ""Pharmaceuticals""]","Medical Devices, Biotechnology, Pharmaceuticals","The Company is engaged in medical devices, biotechnology, pharmaceuticals. It provides innovative solutions and services to customers worldwide.",-7.1153,7.8508,3,"{""Medical Devices"": 0.6, ""Biotechnology"": 0.77, ""Pharmaceuticals"": 0.83}"
Amgen,10045,0940173543,2025,Healthcare,135.97,"[""Medical Devices"", ""Biotechnology"", ""Pharmaceuticals""]","Medical Devices, Biotechnology, Pharmaceuticals","The Company is engaged in medical devices, biotechnology, pharmaceuticals. It provides innovative solutions and services to customers worldwide.",-7.9346,9.3341,3,"{""Medical Devices"": 0.85, ""Biotechnology"": 0.55, ""Pharmaceuticals"": 0.68}"
Gilead,10046,0485697869,2021,Healthcare,419.0,"[""Diagnostics"", ""Biotechnology"", ""Health Insurance"", ""Medical Devices""]","Diagnostics, Biotechnology, Health Insurance","The Company is engaged in diagnostics, biotechnology, health insurance. It provides innovative solutions and services to customers worldwide.",-2.1357,6.6511,4,"{""Diagnostics"": 0.53, ""Biotechnology"": 0.88, ""Health Insurance"": 0.6, ""Medical Devices"": 0.67}"
Gilead,10046,0485697869,2022,Healthcare,434.52,"[""Diagnostics"", ""Biotechnology"", ""Health Insurance"", ""Medical Devices""]","Diagnostics, Biotechnology, Health Insurance","The Company is engaged in diagnostics, biotechnology, health insurance. It provides innovative solutions and services to customers worldwide.",-3.2559,4.4061,4,"{""Diagnostics"": 0.92, ""Biotechnology"": 0.82, ""Health Insurance"": 0.78, ""Medical Devices"": 0.52}"
Gilead,10046,0485697869,2023,Healthcare,492.97,"[""Diagnostics"", ""Biotechnology"", ""Health Insurance"", ""Medical Devices""]","Diagnostics, Biotechnology, Health Insurance","The Company is engaged in diagnostics, biotechnology, health insurance. It provides innovative solutions and services to customers worldwide.",-3.4753,3.6067,4,"{""Diagnostics"": 0.71, ""Biotechnology"": 0.51, ""Health Insurance"": 0.63, ""Medical Devices"": 0.52}"
Gilead,10046,0485697869,2024,Healthcare,564.44,"[""Diagnostics"", ""Biotechnology"", ""Health Insurance"", ""Medical Devices""]","Diagnostics, Biotechnology, Health Insurance","The Company is engaged in diagnostics, biotechnology, health insurance. It provides innovative solutions and services to customers worldwide.",-2.7662,3.0526,4,"{""Diagnostics"": 0.67, ""Biotechnology"": 0.69, ""Health Insurance"": 0.88, ""Medical Devices"": 0.62}"
Gilead,10046,0485697869,2025,Healthcare,541.46,"[""Diagnostics"", ""Biotechnology"", ""Health Insurance"", ""Medical Devices""]","Diagnostics, Biotechnology, Health Insurance","The Company is engaged in diagnostics, biotechnology, health insurance. It provides innovative solutions and services to customers worldwide.",-2.6271,2.9172,4,"{""Diagnostics"": 0.78, ""Biotechnology"": 0.75, ""Health Insurance"": 0.66, ""Medical Devices"": 0.64}"
Medtronic,10047,0193878234,2021,Healthcare,182.8,"[""Pharmaceuticals"", ""Health Insurance"", ""Biotechnology"", ""Diagnostics""]","Pharmaceuticals, Health Insurance, Biotechnology","The Company is engaged in pharmaceuticals, health insurance, biotechnology. It provides innovative solutions and services to customers worldwide.",-2.4049,3.8525,4,"{""Pharmaceuticals"": 0.83, ""Health Insurance"": 0.59, ""Biotechnology"": 0.65, ""Diagnostics"": 0.64}"
Medtronic,10047,0193878234,2022,Healthcare,176.91,"[""Pharmaceuticals"", ""Health Insurance"", ""Biotechnology"", ""Diagnostics""]","Pharmaceuticals, Health Insurance, Biotechnology","The Company is engaged in pharmaceuticals, health insurance, biotechnology. It provides innovative solutions and services to customers worldwide.",-2.8908,5.156,4,"{""Pharmaceuticals"": 0.81, ""Health Insurance"": 0.75, ""Biotechnology"": 0.94, ""Diagnostics"": 0.6}"
Medtronic,10047,0193878234,2023,Healthcare,196.08,"[""Pharmaceuticals"", ""Health Insurance"", ""Biotechnology"", ""Diagnostics""]","Pharmaceuticals, Health Insurance, Biotechnology","The Company is engaged in pharmaceuticals, health insurance, biotechnology. It provides innovative solutions and services to customers worldwide.",-2.0811,3.3287,4,"{""Pharmaceuticals"": 0.75, ""Health Insurance"": 0.78, ""Biotechnology"": 0.6, ""Diagnostics"": 0.88}"
Medtronic,10047,0193878234,2024,Healthcare,212.32,"[""Pharmaceuticals"", ""Health Insurance"", ""Biotechnology"", ""Diagnostics""]","Pharmaceuticals, Health Insurance, Biotechnology","The Company is engaged in pharmaceuticals, health insurance, biotechnology. It provides innovative solutions and services to customers worldwide.",-2.9574,3.1545,4,"{""Pharmaceuticals"": 0.6, ""Health Insurance"": 0.54, ""Biotechnology"": 0.89, ""Diagnostics"": 0.71}"
Medtronic,10047,0193878234,2025,Healthcare,235.12,"[""Pharmaceuticals"", ""Health Insurance"", ""Biotechnology"", ""Diagnostics""]","Pharmaceuticals, Health Insurance, Biotechnology","The Company is engaged in pharmaceuticals, health insurance, biotechnology. It provides innovative solutions and services to customers worldwide.",-3.6315,3.9569,4,"{""Pharmaceuticals"": 0.55, ""Health Insurance"": 0.66, ""Biotechnology"": 0.94, ""Diagnostics"": 0.86}"
Stryker,10048,0964850879,2021,Healthcare,210.01,"[""Pharmaceuticals"", ""Health Insurance""]","Pharmaceuticals, Health Insurance","The Company is engaged in pharmaceuticals, health insurance. It provides innovative solutions and services to customers worldwide.",-2.3265,-1.5101,2,"{""Pharmaceuticals"": 0.85, ""Health Insurance"": 0.51}"
Stryker,10048,0964850879,2022,Healthcare,237.7,"[""Pharmaceuticals"", ""Health Insurance""]","Pharmaceuticals, Health Insurance","The Company is engaged in pharmaceuticals, health insurance. It provides innovative solutions and services to customers worldwide.",-2.3754,-2.0988,2,"{""Pharmaceuticals"": 0.74, ""Health Insurance"": 0.72}"
Stryker,10048,0964850879,2023,Healthcare,264.89,"[""Pharmaceuticals"", ""Health Insurance""]","Pharmaceuticals, Health Insurance","The Company is engaged in pharmaceuticals, health insurance. It provides innovative solutions and services to customers worldwide.",-2.1364,-2.7002,2,"{""Pharmaceuticals"": 0.67, ""Health Insurance"": 0.85}"
Stryker,10048,0964850879,2024,Healthcare,293.65,"[""Pharmaceuticals"", ""Health Insurance""]","Pharmaceuticals, Health Insurance","The Company is engaged in pharmaceuticals, health insurance. It provides innovative solutions and services to customers worldwide.",-3.601,-2.5397,2,"{""Pharmaceuticals"": 0.76, ""Health Insurance"": 0.79}"
Stryker,10048,0964850879,2025,Healthcare,332.71,"[""Pharmaceuticals"", ""Health Insurance""]","Pharmaceuticals, Health Insurance","The Company is engaged in pharmaceuticals, health insurance. It provides innovative solutions and services to customers worldwide.",-3.9588,-1.5149,2,"{""Pharmaceuticals"": 0.74, ""Health Insurance"": 0.57}"
Danaher,10049,0941380307,2021,Healthcare,282.12,"[""Medical Devices"", ""Diagnostics"", ""Health Insurance""]","Medical Devices, Diagnostics, Health Insurance","The Company is engaged in medical devices, diagnostics, health insurance. It provides innovative solutions and services to customers worldwide.",-4.1424,1.9012,3,"{""Medical Devices"": 0.7, ""Diagnostics"": 0.78, ""Health Insurance"": 0.54}"
Danaher,10049,0941380307,2022,Healthcare,296.52,"[""Medical Devices"", ""Diagnostics"", ""Health Insurance""]","Medical Devices, Diagnostics, Health Insurance","The Company is engaged in medical devices, diagnostics, health insurance. It provides innovative solutions and services to customers worldwide.",-3.9892,2.0942,3,"{""Medical Devices"": 0.94, ""Diagnostics"": 0.69, ""Health Insurance"": 0.94}"
Danaher,10049,0941380307,2023,Healthcare,291.54,"[""Medical Devices"", ""Diagnostics"", ""Health Insurance""]","Medical Devices, Diagnostics, Health Insurance","The Company is engaged in medical devices, diagnostics, health insurance. It provides innovative solutions and services to customers worldwide.",-3.0702,3.2401,3,"{""Medical Devices"": 0.9, ""Diagnostics"": 0.69, ""Health Insurance"": 0.57}"
Danaher,10049,0941380307,2024,Healthcare,307.71,"[""Medical Devices"", ""Diagnostics"", ""Health Insurance""]","Medical Devices, Diagnostics, Health Insurance","The Company is engaged in medical devices, diagnostics, health insurance. It provides innovative solutions and services to customers worldwide.",-3.044,3.0265,3,"{""Medical Devices"": 0.82, ""Diagnostics"": 0.9, ""Health Insurance"": 0.54}"
Danaher,10049,0941380307,2025,Healthcare,345.14,"[""Medical Devices"", ""Diagnostics"", ""Health Insurance""]","Medical Devices, Diagnostics, Health Insurance","The Company is engaged in medical devices, diagnostics, health insurance. It provides innovative solutions and services to customers worldwide.",-3.6883,3.5037,3,"{""Medical Devices"": 0.87, ""Diagnostics"": 0.74, ""Health Insurance"": 0.82}"
Becton Dickinson,10050,0376381611,2021,Healthcare,559.06,"[""Medical Devices"", ""Biotechnology"", ""Pharmaceuticals""]","Medical Devices, Biotechnology, Pharmaceuticals","The Company is engaged in medical devices, biotechnology, pharmaceuticals. It provides innovative solutions and services to customers worldwide.",-11.0583,8.685,3,"{""Medical Devices"": 0.83, ""Biotechnology"": 0.59, ""Pharmaceuticals"": 0.78}"
Becton Dickinson,10050,0376381611,2022,Healthcare,613.63,"[""Medical Devices"", ""Biotechnology"", ""Pharmaceuticals""]","Medical Devices, Biotechnology, Pharmaceuticals","The Company is engaged in medical devices, biotechnology, pharmaceuticals. It provides innovative solutions and services to customers worldwide.",-9.5032,7.3866,3,"{""Medical Devices"": 0.86, ""Biotechnology"": 0.88, ""Pharmaceuticals"": 0.61}"
Becton Dickinson,10050,0376381611,2023,Healthcare,583.42,"[""Medical Devices"", ""Biotechnology"", ""Pharmaceuticals""]","Medical Devices, Biotechnology, Pharmaceuticals","The Company is engaged in medical devices, biotechnology, pharmaceuticals. It provides innovative solutions and services to customers worldwide.",-9.7573,6.8463,3,"{""Medical Devices"": 0.81, ""Biotechnology"": 0.58, ""Pharmaceuticals"": 0.79}"
Becton Dickinson,10050,0376381611,2024,Healthcare,655.34,"[""Medical Devices"", ""Biotechnology"", ""Pharmaceuticals""]","Medical Devices, Biotechnology, Pharmaceuticals","The Company is engaged in medical devices, biotechnology, pharmaceuticals. It provides innovative solutions and services to customers worldwide.",-9.9367,6.3709,3,"{""Medical Devices"": 0.6, ""Biotechnology"": 0.66, ""Pharmaceuticals"": 0.53}"
Becton Dickinson,10050,0376381611,2025,Healthcare,722.08,"[""Medical Devices"", ""Biotechnology"", ""Pharmaceuticals""]","Medical Devices, Biotechnology, Pharmaceuticals","The Company is engaged in medical devices, biotechnology, pharmaceuticals. It provides innovative solutions and services to customers worldwide.",-10.3392,7.5261,3,"{""Medical Devices"": 0.91, ""Biotechnology"": 0.6, ""Pharmaceuticals"": 0.86}"
Boston Scientific,10051,0353806331,2021,Healthcare,350.23,"[""Health Insurance"", ""Diagnostics"", ""Medical Devices""]","Health Insurance, Diagnostics, Medical Devices","The Company is engaged in health insurance, diagnostics, medical devices. It provides innovative solutions and services to customers worldwide.",-6.1594,0.7748,3,"{""Health Insurance"": 0.86, ""Diagnostics"": 0.72, ""Medical Devices"": 0.51}"
Boston Scientific,10051,0353806331,2022,Healthcare,400.4,"[""Health Insurance"", ""Diagnostics"", ""Medical Devices""]","Health Insurance, Diagnostics, Medical Devices","The Company is engaged in health insurance, diagnostics, medical devices. It provides innovative solutions and services to customers worldwide.",-6.4839,0.7209,3,"{""Health Insurance"": 0.56, ""Diagnostics"": 0.82, ""Medical Devices"": 0.94}"
Boston Scientific,10051,0353806331,2023,Healthcare,447.61,"[""Health Insurance"", ""Diagnostics"", ""Medical Devices""]","Health Insurance, Diagnostics, Medical Devices","The Company is engaged in health insurance, diagnostics, medical devices. It provides innovative solutions and services to customers worldwide.",-6.0512,1.4287,3,"{""Health Insurance"": 0.94, ""Diagnostics"": 0.78, ""Medical Devices"": 0.75}"
Boston Scientific,10051,0353806331,2024,Healthcare,482.08,"[""Health Insurance"", ""Diagnostics"", ""Medical Devices""]","Health Insurance, Diagnostics, Medical Devices","The Company is engaged in health insurance, diagnostics, medical devices. It provides innovative solutions and services to customers worldwide.",-5.5957,3.2163,3,"{""Health Insurance"": 0.7, ""Diagnostics"": 0.6, ""Medical Devices"": 0.55}"
Boston Scientific,10051,0353806331,2025,Healthcare,462.43,"[""Health Insurance"", ""Diagnostics"", ""Medical Devices""]","Health Insurance, Diagnostics, Medical Devices","The Company is engaged in health insurance, diagnostics, medical devices. It provides innovative solutions and services to customers worldwide.",-5.6916,3.0414,3,"{""Health Insurance"": 0.76, ""Diagnostics"": 0.63, ""Medical Devices"": 0.87}"
Regeneron,10052,0418862132,2021,Healthcare,163.25,"[""Health Insurance"", ""Medical Devices"", ""Biotechnology"", ""Diagnostics""]","Health Insurance, Medical Devices, Biotechnology","The Company is engaged in health insurance, medical devices, biotechnology. It provides innovative solutions and services to customers worldwide.",-2.0089,0.8433,4,"{""Health Insurance"": 0.86, ""Medical Devices"": 0.76, ""Biotechnology"": 0.8, ""Diagnostics"": 0.61}"
Regeneron,10052,0418862132,2022,Healthcare,179.17,"[""Health Insurance"", ""Medical Devices"", ""Biotechnology"", ""Diagnostics""]","Health Insurance, Medical Devices, Biotechnology","The Company is engaged in health insurance, medical devices, biotechnology. It provides innovative solutions and services to customers worldwide.",-2.0594,-0.3739,4,"{""Health Insurance"": 0.74, ""Medical Devices"": 0.51, ""Biotechnology"": 0.89, ""Diagnostics"": 0.53}"
Regeneron,10052,0418862132,2023,Healthcare,202.85,"[""Health Insurance"", ""Medical Devices"", ""Biotechnology"", ""Diagnostics""]","Health Insurance, Medical Devices, Biotechnology","The Company is engaged in health insurance, medical devices, biotechnology. It provides innovative solutions and services to customers worldwide.",-2.4738,-0.1811,4,"{""Health Insurance"": 0.71, ""Medical Devices"": 0.56, ""Biotechnology"": 0.65, ""Diagnostics"": 0.57}"
Regeneron,10052,0418862132,2024,Healthcare,218.65,"[""Health Insurance"", ""Medical Devices"", ""Biotechnology"", ""Diagnostics""]","Health Insurance, Medical Devices, Biotechnology","The Company is engaged in health insurance, medical devices, biotechnology. It provides innovative solutions and services to customers worldwide.",-1.328,-0.3983,4,"{""Health Insurance"": 0.8, ""Medical Devices"": 0.56, ""Biotechnology"": 0.61, ""Diagnostics"": 0.85}"
Regeneron,10052,0418862132,2025,Healthcare,250.74,"[""Health Insurance"", ""Medical Devices"", ""Biotechnology"", ""Diagnostics""]","Health Insurance, Medical Devices, Biotechnology","The Company is engaged in health insurance, medical devices, biotechnology. It provides innovative solutions and services to customers worldwide.",-1.4941,-1.7983,4,"{""Health Insurance"": 0.62, ""Medical Devices"": 0.68, ""Biotechnology"": 0.9, ""Diagnostics"": 0.5}"
Moderna,10053,0270793532,2021,Healthcare,263.62,"[""Pharmaceuticals"", ""Medical Devices"", ""Health Insurance""]","Pharmaceuticals, Medical Devices, Health Insurance","The Company is engaged in pharmaceuticals, medical devices, health insurance. It provides innovative solutions and services to customers worldwide.",-5.5165,2.9485,3,"{""Pharmaceuticals"": 0.74, ""Medical Devices"": 0.88, ""Health Insurance"": 0.52}"
Moderna,10053,0270793532,2022,Healthcare,265.46,"[""Pharmaceuticals"", ""Medical Devices"", ""Health Insurance""]","Pharmaceuticals, Medical Devices, Health Insurance","The Company is engaged in pharmaceuticals, medical devices, health insurance. It provides innovative solutions and services to customers worldwide.",-5.2781,3.1795,3,"{""Pharmaceuticals"": 0.71, ""Medical Devices"": 0.7, ""Health Insurance"": 0.6}"
Moderna,10053,0270793532,2023,Healthcare,266.94,"[""Pharmaceuticals"", ""Medical Devices"", ""Health Insurance""]","Pharmaceuticals, Medical Devices, Health Insurance","The Company is engaged in pharmaceuticals, medical devices, health insurance. It provides innovative solutions and services to customers worldwide.",-5.6849,3.0873,3,"{""Pharmaceuticals"": 0.87, ""Medical Devices"": 0.63, ""Health Insurance"": 0.87}"
Moderna,10053,0270793532,2024,Healthcare,284.28,"[""Pharmaceuticals"", ""Medical Devices"", ""Health Insurance""]","Pharmaceuticals, Medical Devices, Health Insurance","The Company is engaged in pharmaceuticals, medical devices, health insurance. It provides innovative solutions and services to customers worldwide.",-4.8543,3.1564,3,"{""Pharmaceuticals"": 0.51, ""Medical Devices"": 0.8, ""Health Insurance"": 0.52}"
Moderna,10053,0270793532,2025,Healthcare,279.46,"[""Pharmaceuticals"", ""Medical Devices"", ""Health Insurance""]","Pharmaceuticals, Medical Devices, Health Insurance","The Company is engaged in pharmaceuticals, medical devices, health insurance. It provides innovative solutions and services to customers worldwide.",-4.2478,3.0867,3,"{""Pharmaceuticals"": 0.68, ""Medical Devices"": 0.83, ""Health Insurance"": 0.9}"
Biogen,10054,0834194620,2021,Healthcare,402.66,"[""Biotechnology"", ""Diagnostics""]","Biotechnology, Diagnostics","The Company is engaged in biotechnology, diagnostics. It provides innovative solutions and services to customers worldwide.",-5.2001,6.4453,2,"{""Biotechnology"": 0.8, ""Diagnostics"": 0.54}"
Biogen,10054,0834194620,2022,Healthcare,455.03,"[""Biotechnology"", ""Diagnostics""]","Biotechnology, Diagnostics","The Company is engaged in biotechnology, diagnostics. It provides innovative solutions and services to customers worldwide.",-4.2944,8.2046,2,"{""Biotechnology"": 0.68, ""Diagnostics"": 0.64}"
Biogen,10054,0834194620,2023,Healthcare,491.08,"[""Biotechnology"", ""Diagnostics""]","Biotechnology, Diagnostics","The Company is engaged in biotechnology, diagnostics. It provides innovative solutions and services to customers worldwide.",-4.7155,9.4092,2,"{""Biotechnology"": 0.79, ""Diagnostics"": 0.9}"
Biogen,10054,0834194620,2024,Healthcare,480.17,"[""Biotechnology"", ""Diagnostics""]","Biotechnology, Diagnostics","The Company is engaged in biotechnology, diagnostics. It provides innovative solutions and services to customers worldwide.",-4.671,11.4467,2,"{""Biotechnology"": 0.55, ""Diagnostics"": 0.57}"
Biogen,10054,0834194620,2025,Healthcare,527.32,"[""Biotechnology"", ""Diagnostics""]","Biotechnology, Diagnostics","The Company is engaged in biotechnology, diagnostics. It provides innovative solutions and services to customers worldwide.",-4.3097,10.5868,2,"{""Biotechnology"": 0.74, ""Diagnostics"": 0.87}"
Vertex,10055,0710474279,2021,Healthcare,426.34,"[""Medical Devices"", ""Pharmaceuticals""]","Medical Devices, Pharmaceuticals","The Company is engaged in medical devices, pharmaceuticals. It provides innovative solutions and services to customers worldwide.",-7.5748,4.0797,2,"{""Medical Devices"": 0.53, ""Pharmaceuticals"": 0.74}"
Vertex,10055,0710474279,2022,Healthcare,424.31,"[""Medical Devices"", ""Pharmaceuticals""]","Medical Devices, Pharmaceuticals","The Company is engaged in medical devices, pharmaceuticals. It provides innovative solutions and services to customers worldwide.",-7.3649,4.9207,2,"{""Medical Devices"": 0.67, ""Pharmaceuticals"": 0.7}"
Vertex,10055,0710474279,2023,Healthcare,411.49,"[""Medical Devices"", ""Pharmaceuticals""]","Medical Devices, Pharmaceuticals","The Company is engaged in medical devices, pharmaceuticals. It provides innovative solutions and services to customers worldwide.",-6.1681,5.2865,2,"{""Medical Devices"": 0.9, ""Pharmaceuticals"": 0.51}"
Vertex,10055,0710474279,2024,Healthcare,423.26,"[""Medical Devices"", ""Pharmaceuticals""]","Medical Devices, Pharmaceuticals","The Company is engaged in medical devices, pharmaceuticals. It provides innovative solutions and services to customers worldwide.",-6.386,5.2265,2,"{""Medical Devices"": 0.74, ""Pharmaceuticals"": 0.73}"
Vertex,10055,0710474279,2025,Healthcare,405.88,"[""Medical Devices"", ""Pharmaceuticals""]","Medical Devices, Pharmaceuticals","The Company is engaged in medical devices, pharmaceuticals. It provides innovative solutions and services to customers worldwide.",-6.027,4.4028,2,"{""Medical Devices"": 0.84, ""Pharmaceuticals"": 0.93}"
Illumina,10056,0485554194,2021,Healthcare,36.97,"[""Medical Devices"", ""Pharmaceuticals"", ""Health Insurance""]","Medical Devices, Pharmaceuticals, Health Insurance","The Company is engaged in medical devices, pharmaceuticals, health insurance. It provides innovative solutions and services to customers worldwide.",-3.1212,3.4554,3,"{""Medical Devices"": 0.7, ""Pharmaceuticals"": 0.81, ""Health Insurance"": 0.56}"
Illumina,10056,0485554194,2022,Healthcare,38.86,"[""Medical Devices"", ""Pharmaceuticals"", ""Health Insurance""]","Medical Devices, Pharmaceuticals, Health Insurance","The Company is engaged in medical devices, pharmaceuticals, health insurance. It provides innovative solutions and services to customers worldwide.",-3.5003,3.4438,3,"{""Medical Devices"": 0.93, ""Pharmaceuticals"": 0.67, ""Health Insurance"": 0.52}"
Illumina,10056,0485554194,2023,Healthcare,38.16,"[""Medical Devices"", ""Pharmaceuticals"", ""Health Insurance""]","Medical Devices, Pharmaceuticals, Health Insurance","The Company is engaged in medical devices, pharmaceuticals, health insurance. It provides innovative solutions and services to customers worldwide.",-3.571,3.1478,3,"{""Medical Devices"": 0.51, ""Pharmaceuticals"": 0.84, ""Health Insurance"": 0.71}"
Illumina,10056,0485554194,2024,Healthcare,37.14,"[""Medical Devices"", ""Pharmaceuticals"", ""Health Insurance""]","Medical Devices, Pharmaceuticals, Health Insurance","The Company is engaged in medical devices, pharmaceuticals, health insurance. It provides innovative solutions and services to customers worldwide.",-3.1222,2.9114,3,"{""Medical Devices"": 0.93, ""Pharmaceuticals"": 0.64, ""Health Insurance"": 0.9}"
Illumina,10056,0485554194,2025,Healthcare,42.59,"[""Medical Devices"", ""Pharmaceuticals"", ""Health Insurance""]","Medical Devices, Pharmaceuticals, Health Insurance","The Company is engaged in medical devices, pharmaceuticals, health insurance. It provides innovative solutions and services to customers worldwide.",-2.1837,3.2071,3,"{""Medical Devices"": 0.63, ""Pharmaceuticals"": 0.93, ""Health Insurance"": 0.68}"
Dexcom,10057,0682019180,2021,Healthcare,480.57,"[""Medical Devices"", ""Biotechnology"", ""Health Insurance""]","Medical Devices, Biotechnology, Health Insurance","The Company is engaged in medical devices, biotechnology, health insurance. It provides innovative solutions and services to customers worldwide.",-4.0921,2.6369,3,"{""Medical Devices"": 0.53, ""Biotechnology"": 0.65, ""Health Insurance"": 0.62}"
Dexcom,10057,0682019180,2022,Healthcare,489.92,"[""Medical Devices"", ""Biotechnology"", ""Health Insurance""]","Medical Devices, Biotechnology, Health Insurance","The Company is engaged in medical devices, biotechnology, health insurance. It provides innovative solutions and services to customers worldwide.",-4.0432,3.0321,3,"{""Medical Devices"": 0.76, ""Biotechnology"": 0.56, ""Health Insurance"": 0.7}"
Dexcom,10057,0682019180,2023,Healthcare,504.8,"[""Medical Devices"", ""Biotechnology"", ""Health Insurance""]","Medical Devices, Biotechnology, Health Insurance","The Company is engaged in medical devices, biotechnology, health insurance. It provides innovative solutions and services to customers worldwide.",-4.2075,4.8994,3,"{""Medical Devices"": 0.95, ""Biotechnology"": 0.9, ""Health Insurance"": 0.78}"
Dexcom,10057,0682019180,2024,Healthcare,499.88,"[""Medical Devices"", ""Biotechnology"", ""Health Insurance""]","Medical Devices, Biotechnology, Health Insurance","The Company is engaged in medical devices, biotechnology, health insurance. It provides innovative solutions and services to customers worldwide.",-2.6389,5.8013,3,"{""Medical Devices"": 0.68, ""Biotechnology"": 0.52, ""Health Insurance"": 0.71}"
Dexcom,10057,0682019180,2025,Healthcare,571.27,"[""Medical Devices"", ""Biotechnology"", ""Health Insurance""]","Medical Devices, Biotechnology, Health Insurance","The Company is engaged in medical devices, biotechnology, health insurance. It provides innovative solutions and services to customers worldwide.",-3.8585,5.994,3,"{""Medical Devices"": 0.91, ""Biotechnology"": 0.82, ""Health Insurance"": 0.74}"
Intuitive Surgical,10058,0615263627,2021,Healthcare,38.63,"[""Medical Devices"", ""Diagnostics"", ""Pharmaceuticals""]","Medical Devices, Diagnostics, Pharmaceuticals","The Company is engaged in medical devices, diagnostics, pharmaceuticals. It provides innovative solutions and services to customers worldwide.",-8.5179,7.2358,3,"{""Medical Devices"": 0.72, ""Diagnostics"": 0.74, ""Pharmaceuticals"": 0.75}"
Intuitive Surgical,10058,0615263627,2022,Healthcare,43.8,"[""Medical Devices"", ""Diagnostics"", ""Pharmaceuticals""]","Medical Devices, Diagnostics, Pharmaceuticals","The Company is engaged in medical devices, diagnostics, pharmaceuticals. It provides innovative solutions and services to customers worldwide.",-6.8521,6.31,3,"{""Medical Devices"": 0.66, ""Diagnostics"": 0.83, ""Pharmaceuticals"": 0.9}"
Intuitive Surgical,10058,0615263627,2023,Healthcare,46.88,"[""Medical Devices"", ""Diagnostics"", ""Pharmaceuticals""]","Medical Devices, Diagnostics, Pharmaceuticals","The Company is engaged in medical devices, diagnostics, pharmaceuticals. It provides innovative solutions and services to customers worldwide.",-8.6117,4.94,3,"{""Medical Devices"": 0.77, ""Diagnostics"": 0.86, ""Pharmaceuticals"": 0.71}"
Intuitive Surgical,10058,0615263627,2024,Healthcare,47.46,"[""Medical Devices"", ""Diagnostics"", ""Pharmaceuticals""]","Medical Devices, Diagnostics, Pharmaceuticals","The Company is engaged in medical devices, diagnostics, pharmaceuticals. It provides innovative solutions and services to customers worldwide.",-9.4303,4.3045,3,"{""Medical Devices"": 0.62, ""Diagnostics"": 0.51, ""Pharmaceuticals"": 0.94}"
Intuitive Surgical,10058,0615263627,2025,Healthcare,52.33,"[""Medical Devices"", ""Diagnostics"", ""Pharmaceuticals""]","Medical Devices, Diagnostics, Pharmaceuticals","The Company is engaged in medical devices, diagnostics, pharmaceuticals. It provides innovative solutions and services to customers worldwide.",-8.8522,3.6146,3,"{""Medical Devices"": 0.92, ""Diagnostics"": 0.51, ""Pharmaceuticals"": 0.89}"
Edwards Lifesciences,10059,0216935561,2021,Healthcare,92.82,"[""Biotechnology"", ""Pharmaceuticals"", ""Medical Devices""]","Biotechnology, Pharmaceuticals, Medical Devices","The Company is engaged in biotechnology, pharmaceuticals, medical devices. It provides innovative solutions and services to customers worldwide.",-5.7961,8.0061,3,"{""Biotechnology"": 0.56, ""Pharmaceuticals"": 0.84, ""Medical Devices"": 0.85}"
Edwards Lifesciences,10059,0216935561,2022,Healthcare,103.88,"[""Biotechnology"", ""Pharmaceuticals"", ""Medical Devices""]","Biotechnology, Pharmaceuticals, Medical Devices","The Company is engaged in biotechnology, pharmaceuticals, medical devices. It provides innovative solutions and services to customers worldwide.",-4.845,8.5728,3,"{""Biotechnology"": 0.78, ""Pharmaceuticals"": 0.54, ""Medical Devices"": 0.72}"
Edwards Lifesciences,10059,0216935561,2023,Healthcare,107.15,"[""Biotechnology"", ""Pharmaceuticals"", ""Medical Devices""]","Biotechnology, Pharmaceuticals, Medical Devices","The Company is engaged in biotechnology, pharmaceuticals, medical devices. It provides innovative solutions and services to customers worldwide.",-4.9754,7.9769,3,"{""Biotechnology"": 0.53, ""Pharmaceuticals"": 0.66, ""Medical Devices"": 0.55}"
Edwards Lifesciences,10059,0216935561,2024,Healthcare,103.44,"[""Biotechnology"", ""Pharmaceuticals"", ""Medical Devices""]","Biotechnology, Pharmaceuticals, Medical Devices","The Company is engaged in biotechnology, pharmaceuticals, medical devices. It provides innovative solutions and services to customers worldwide.",-6.4903,8.1475,3,"{""Biotechnology"": 0.73, ""Pharmaceuticals"": 0.86, ""Medical Devices"": 0.82}"
Edwards Lifesciences,10059,0216935561,2025,Healthcare,103.07,"[""Biotechnology"", ""Pharmaceuticals"", ""Medical Devices""]","Biotechnology, Pharmaceuticals, Medical Devices","The Company is engaged in biotechnology, pharmaceuticals, medical devices. It provides innovative solutions and services to customers worldwide.",-7.7764,7.5373,3,"{""Biotechnology"": 0.63, ""Pharmaceuticals"": 0.86, ""Medical Devices"": 0.92}"
Idexx Laboratories,10060,0766161021,2021,Healthcare,166.63,"[""Medical Devices"", ""Diagnostics"", ""Pharmaceuticals""]","Medical Devices, Diagnostics, Pharmaceuticals","The Company is engaged in medical devices, diagnostics, pharmaceuticals. It provides innovative solutions and services to customers worldwide.",-10.6619,8.1524,3,"{""Medical Devices"": 0.73, ""Diagnostics"": 0.7, ""Pharmaceuticals"": 0.76}"
Idexx Laboratories,10060,0766161021,2022,Healthcare,181.05,"[""Medical Devices"", ""Diagnostics"", ""Pharmaceuticals""]","Medical Devices, Diagnostics, Pharmaceuticals","The Company is engaged in medical devices, diagnostics, pharmaceuticals. It provides innovative solutions and services to customers worldwide.",-11.181,8.3037,3,"{""Medical Devices"": 0.61, ""Diagnostics"": 0.82, ""Pharmaceuticals"": 0.87}"
Idexx Laboratories,10060,0766161021,2023,Healthcare,190.84,"[""Medical Devices"", ""Diagnostics"", ""Pharmaceuticals""]","Medical Devices, Diagnostics, Pharmaceuticals","The Company is engaged in medical devices, diagnostics, pharmaceuticals. It provides innovative solutions and services to customers worldwide.",-10.9917,9.3995,3,"{""Medical Devices"": 0.56, ""Diagnostics"": 0.85, ""Pharmaceuticals"": 0.62}"
Idexx Laboratories,10060,0766161021,2024,Healthcare,186.4,"[""Medical Devices"", ""Diagnostics"", ""Pharmaceuticals""]","Medical Devices, Diagnostics, Pharmaceuticals","The Company is engaged in medical devices, diagnostics, pharmaceuticals. It provides innovative solutions and services to customers worldwide.",-12.4584,9.377,3,"{""Medical Devices"": 0.78, ""Diagnostics"": 0.52, ""Pharmaceuticals"": 0.84}"
Idexx Laboratories,10060,0766161021,2025,Healthcare,187.38,"[""Medical Devices"", ""Diagnostics"", ""Pharmaceuticals""]","Medical Devices, Diagnostics, Pharmaceuticals","The Company is engaged in medical devices, diagnostics, pharmaceuticals. It provides innovative solutions and services to customers worldwide.",-12.9594,9.3893,3,"{""Medical Devices"": 0.82, ""Diagnostics"": 0.53, ""Pharmaceuticals"": 0.88}"
Hologic,10061,0116406440,2021,Healthcare,190.12,"[""Medical Devices"", ""Pharmaceuticals""]","Medical Devices, Pharmaceuticals","The Company is engaged in medical devices, pharmaceuticals. It provides innovative solutions and services to customers worldwide.",-8.464,7.9463,2,"{""Medical Devices"": 0.91, ""Pharmaceuticals"": 0.67}"
Hologic,10061,0116406440,2022,Healthcare,195.35,"[""Medical Devices"", ""Pharmaceuticals""]","Medical Devices, Pharmaceuticals","The Company is engaged in medical devices, pharmaceuticals. It provides innovative solutions and services to customers worldwide.",-8.5164,9.5317,2,"{""Medical Devices"": 0.78, ""Pharmaceuticals"": 0.82}"
Hologic,10061,0116406440,2023,Healthcare,223.33,"[""Medical Devices"", ""Pharmaceuticals""]","Medical Devices, Pharmaceuticals","The Company is engaged in medical devices, pharmaceuticals. It provides innovative solutions and services to customers worldwide.",-7.7441,10.5206,2,"{""Medical Devices"": 0.84, ""Pharmaceuticals"": 0.93}"
Hologic,10061,0116406440,2024,Healthcare,216.87,"[""Medical Devices"", ""Pharmaceuticals""]","Medical Devices, Pharmaceuticals","The Company is engaged in medical devices, pharmaceuticals. It provides innovative solutions and services to customers worldwide.",-8.5884,11.3674,2,"{""Medical Devices"": 0.85, ""Pharmaceuticals"": 0.79}"
Hologic,10061,0116406440,2025,Healthcare,247.53,"[""Medical Devices"", ""Pharmaceuticals""]","Medical Devices, Pharmaceuticals","The Company is engaged in medical devices, pharmaceuticals. It provides innovative solutions and services to customers worldwide.",-8.7,11.0072,2,"{""Medical Devices"": 0.73, ""Pharmaceuticals"": 0.69}"
Incyte,10062,0992063022,2021,Healthcare,80.31,"[""Health Insurance"", ""Medical Devices"", ""Pharmaceuticals""]","Health Insurance, Medical Devices, Pharmaceuticals","The Company is engaged in health insurance, medical devices, pharmaceuticals. It provides innovative solutions and services to customers worldwide.",0.4834,-0.6651,3,"{""Health Insurance"": 0.79, ""Medical Devices"": 0.86, ""Pharmaceuticals"": 0.84}"
Incyte,10062,0992063022,2022,Healthcare,91.25,"[""Health Insurance"", ""Medical Devices"", ""Pharmaceuticals""]","Health Insurance, Medical Devices, Pharmaceuticals","The Company is engaged in health insurance, medical devices, pharmaceuticals. It provides innovative solutions and services to customers worldwide.",0.4047,-1.0123,3,"{""Health Insurance"": 0.56, ""Medical Devices"": 0.83, ""Pharmaceuticals"": 0.94}"
Incyte,10062,0992063022,2023,Healthcare,95.23,"[""Health Insurance"", ""Medical Devices"", ""Pharmaceuticals""]","Health Insurance, Medical Devices, Pharmaceuticals","The Company is engaged in health insurance, medical devices, pharmaceuticals. It provides innovative solutions and services to customers worldwide.",0.5153,-1.2842,3,"{""Health Insurance"": 0.76, ""Medical Devices"": 0.54, ""Pharmaceuticals"": 0.52}"
Incyte,10062,0992063022,2024,Healthcare,105.36,"[""Health Insurance"", ""Medical Devices"", ""Pharmaceuticals""]","Health Insurance, Medical Devices, Pharmaceuticals","The Company is engaged in health insurance, medical devices, pharmaceuticals. It provides innovative solutions and services to customers worldwide.",1.317,-0.8704,3,"{""Health Insurance"": 0.74, ""Medical Devices"": 0.54, ""Pharmaceuticals"": 0.81}"
Incyte,10062,0992063022,2025,Healthcare,117.75,"[""Health Insurance"", ""Medical Devices"", ""Pharmaceuticals""]","Health Insurance, Medical Devices, Pharmaceuticals","The Company is engaged in health insurance, medical devices, pharmaceuticals. It provides innovative solutions and services to customers worldwide.",1.5504,-1.017,3,"{""Health Insurance"": 0.82, ""Medical Devices"": 0.93, ""Pharmaceuticals"": 0.51}"
Alexion,10063,0762669422,2021,Healthcare,174.29,"[""Medical Devices"", ""Biotechnology"", ""Pharmaceuticals""]","Medical Devices, Biotechnology, Pharmaceuticals","The Company is engaged in medical devices, biotechnology, pharmaceuticals. It provides innovative solutions and services to customers worldwide.",-8.967,8.5475,3,"{""Medical Devices"": 0.89, ""Biotechnology"": 0.76, ""Pharmaceuticals"": 0.53}"
Alexion,10063,0762669422,2022,Healthcare,171.91,"[""Medical Devices"", ""Biotechnology"", ""Pharmaceuticals""]","Medical Devices, Biotechnology, Pharmaceuticals","The Company is engaged in medical devices, biotechnology, pharmaceuticals. It provides innovative solutions and services to customers worldwide.",-10.1868,7.4646,3,"{""Medical Devices"": 0.7, ""Biotechnology"": 0.65, ""Pharmaceuticals"": 0.65}"
Alexion,10063,0762669422,2023,Healthcare,185.38,"[""Medical Devices"", ""Biotechnology"", ""Pharmaceuticals""]","Medical Devices, Biotechnology, Pharmaceuticals","The Company is engaged in medical devices, biotechnology, pharmaceuticals. It provides innovative solutions and services to customers worldwide.",-10.8641,8.0496,3,"{""Medical Devices"": 0.76, ""Biotechnology"": 0.76, ""Pharmaceuticals"": 0.8}"
Alexion,10063,0762669422,2024,Healthcare,201.16,"[""Medical Devices"", ""Biotechnology"", ""Pharmaceuticals""]","Medical Devices, Biotechnology, Pharmaceuticals","The Company is engaged in medical devices, biotechnology, pharmaceuticals. It provides innovative solutions and services to customers worldwide.",-10.042,8.1545,3,"{""Medical Devices"": 0.75, ""Biotechnology"": 0.87, ""Pharmaceuticals"": 0.77}"
Alexion,10063,0762669422,2025,Healthcare,197.23,"[""Medical Devices"", ""Biotechnology"", ""Pharmaceuticals""]","Medical Devices, Biotechnology, Pharmaceuticals","The Company is engaged in medical devices, biotechnology, pharmaceuticals. It provides innovative solutions and services to customers worldwide.",-10.7894,7.6215,3,"{""Medical Devices"": 0.9, ""Biotechnology"": 0.82, ""Pharmaceuticals"": 0.92}"
BioMarin,10064,0543634913,2021,Healthcare,251.11,"[""Pharmaceuticals"", ""Health Insurance"", ""Medical Devices"", ""Biotechnology""]","Pharmaceuticals, Health Insurance, Medical Devices","The Company is engaged in pharmaceuticals, health insurance, medical devices. It provides innovative solutions and services to customers worldwide.",-4.0897,2.7862,4,"{""Pharmaceuticals"": 0.59, ""Health Insurance"": 0.56, ""Medical Devices"": 0.78, ""Biotechnology"": 0.85}"
BioMarin,10064,0543634913,2022,Healthcare,279.3,"[""Pharmaceuticals"", ""Health Insurance"", ""Medical Devices"", ""Biotechnology""]","Pharmaceuticals, Health Insurance, Medical Devices","The Company is engaged in pharmaceuticals, health insurance, medical devices. It provides innovative solutions and services to customers worldwide.",-4.9789,2.9834,4,"{""Pharmaceuticals"": 0.79, ""Health Insurance"": 0.67, ""Medical Devices"": 0.8, ""Biotechnology"": 0.62}"
BioMarin,10064,0543634913,2023,Healthcare,281.56,"[""Pharmaceuticals"", ""Health Insurance"", ""Medical Devices"", ""Biotechnology""]","Pharmaceuticals, Health Insurance, Medical Devices","The Company is engaged in pharmaceuticals, health insurance, medical devices. It provides innovative solutions and services to customers worldwide.",-4.468,2.794,4,"{""Pharmaceuticals"": 0.71, ""Health Insurance"": 0.9, ""Medical Devices"": 0.82, ""Biotechnology"": 0.53}"
BioMarin,10064,0543634913,2024,Healthcare,275.04,"[""Pharmaceuticals"", ""Health Insurance"", ""Medical Devices"", ""Biotechnology""]","Pharmaceuticals, Health Insurance, Medical Devices","The Company is engaged in pharmaceuticals, health insurance, medical devices. It provides innovative solutions and services to customers worldwide.",-5.1362,4.4656,4,"{""Pharmaceuticals"": 0.93, ""Health Insurance"": 0.74, ""Medical Devices"": 0.61, ""Biotechnology"": 0.73}"
BioMarin,10064,0543634913,2025,Healthcare,276.4,"[""Pharmaceuticals"", ""Health Insurance"", ""Medical Devices"", ""Biotechnology""]","Pharmaceuticals, Health Insurance, Medical Devices","The Company is engaged in pharmaceuticals, health insurance, medical devices. It provides innovative solutions and services to customers worldwide.",-5.5601,4.6453,4,"{""Pharmaceuticals"": 0.86, ""Health Insurance"": 0.71, ""Medical Devices"": 0.75, ""Biotechnology"": 0.69}"
Alnylam,10065,0288548829,2021,Healthcare,311.58,"[""Medical Devices"", ""Biotechnology"", ""Pharmaceuticals""]","Medical Devices, Biotechnology, Pharmaceuticals","The Company is engaged in medical devices, biotechnology, pharmaceuticals. It provides innovative solutions and services to customers worldwide.",-12.2491,8.0175,3,"{""Medical Devices"": 0.72, ""Biotechnology"": 0.68, ""Pharmaceuticals"": 0.93}"
Alnylam,10065,0288548829,2022,Healthcare,324.6,"[""Medical Devices"", ""Biotechnology"", ""Pharmaceuticals""]","Medical Devices, Biotechnology, Pharmaceuticals","The Company is engaged in medical devices, biotechnology, pharmaceuticals. It provides innovative solutions and services to customers worldwide.",-13.4568,8.1144,3,"{""Medical Devices"": 0.91, ""Biotechnology"": 0.58, ""Pharmaceuticals"": 0.6}"
Alnylam,10065,0288548829,2023,Healthcare,331.42,"[""Medical Devices"", ""Biotechnology"", ""Pharmaceuticals""]","Medical Devices, Biotechnology, Pharmaceuticals","The Company is engaged in medical devices, biotechnology, pharmaceuticals. It provides innovative solutions and services to customers worldwide.",-13.0287,8.722,3,"{""Medical Devices"": 0.81, ""Biotechnology"": 0.68, ""Pharmaceuticals"": 0.93}"
Alnylam,10065,0288548829,2024,Healthcare,371.47,"[""Medical Devices"", ""Biotechnology"", ""Pharmaceuticals""]","Medical Devices, Biotechnology, Pharmaceuticals","The Company is engaged in medical devices, biotechnology, pharmaceuticals. It provides innovative solutions and services to customers worldwide.",-13.1025,9.0434,3,"{""Medical Devices"": 0.85, ""Biotechnology"": 0.64, ""Pharmaceuticals"": 0.6}"
Alnylam,10065,0288548829,2025,Healthcare,424.23,"[""Medical Devices"", ""Biotechnology"", ""Pharmaceuticals""]","Medical Devices, Biotechnology, Pharmaceuticals","The Company is engaged in medical devices, biotechnology, pharmaceuticals. It provides innovative solutions and services to customers worldwide.",-11.9138,8.867,3,"{""Medical Devices"": 0.84, ""Biotechnology"": 0.88, ""Pharmaceuticals"": 0.77}"
Neurocrine,10066,0466823844,2021,Healthcare,25.21,"[""Biotechnology"", ""Pharmaceuticals""]","Biotechnology, Pharmaceuticals","The Company is engaged in biotechnology, pharmaceuticals. It provides innovative solutions and services to customers worldwide.",-7.4686,7.1185,2,"{""Biotechnology"": 0.51, ""Pharmaceuticals"": 0.72}"
Neurocrine,10066,0466823844,2022,Healthcare,25.4,"[""Biotechnology"", ""Pharmaceuticals""]","Biotechnology, Pharmaceuticals","The Company is engaged in biotechnology, pharmaceuticals. It provides innovative solutions and services to customers worldwide.",-8.1056,7.3897,2,"{""Biotechnology"": 0.68, ""Pharmaceuticals"": 0.91}"
Neurocrine,10066,0466823844,2023,Healthcare,26.13,"[""Biotechnology"", ""Pharmaceuticals""]","Biotechnology, Pharmaceuticals","The Company is engaged in biotechnology, pharmaceuticals. It provides innovative solutions and services to customers worldwide.",-8.625,8.4467,2,"{""Biotechnology"": 0.84, ""Pharmaceuticals"": 0.91}"
Neurocrine,10066,0466823844,2024,Healthcare,26.69,"[""Biotechnology"", ""Pharmaceuticals""]","Biotechnology, Pharmaceuticals","The Company is engaged in biotechnology, pharmaceuticals. It provides innovative solutions and services to customers worldwide.",-8.5446,8.9169,2,"{""Biotechnology"": 0.85, ""Pharmaceuticals"": 0.61}"
Neurocrine,10066,0466823844,2025,Healthcare,28.86,"[""Biotechnology"", ""Pharmaceuticals""]","Biotechnology, Pharmaceuticals","The Company is engaged in biotechnology, pharmaceuticals. It provides innovative solutions and services to customers worldwide.",-10.1207,9.631,2,"{""Biotechnology"": 0.61, ""Pharmaceuticals"": 0.59}"
Jazz Pharma,10067,0822581356,2021,Healthcare,537.32,"[""Health Insurance"", ""Pharmaceuticals"", ""Diagnostics"", ""Biotechnology""]","Health Insurance, Pharmaceuticals, Diagnostics","The Company is engaged in health insurance, pharmaceuticals, diagnostics. It provides innovative solutions and services to customers worldwide.",-7.0865,9.1017,4,"{""Health Insurance"": 0.63, ""Pharmaceuticals"": 0.66, ""Diagnostics"": 0.9, ""Biotechnology"": 0.93}"
Jazz Pharma,10067,0822581356,2022,Healthcare,594.32,"[""Health Insurance"", ""Pharmaceuticals"", ""Diagnostics"", ""Biotechnology""]","Health Insurance, Pharmaceuticals, Diagnostics","The Company is engaged in health insurance, pharmaceuticals, diagnostics. It provides innovative solutions and services to customers worldwide.",-7.2378,9.8391,4,"{""Health Insurance"": 0.71, ""Pharmaceuticals"": 0.72, ""Diagnostics"": 0.59, ""Biotechnology"": 0.77}"
Jazz Pharma,10067,0822581356,2023,Healthcare,666.24,"[""Health Insurance"", ""Pharmaceuticals"", ""Diagnostics"", ""Biotechnology""]","Health Insurance, Pharmaceuticals, Diagnostics","The Company is engaged in health insurance, pharmaceuticals, diagnostics. It provides innovative solutions and services to customers worldwide.",-7.6784,9.0181,4,"{""Health Insurance"": 0.59, ""Pharmaceuticals"": 0.53, ""Diagnostics"": 0.53, ""Biotechnology"": 0.92}"
Jazz Pharma,10067,0822581356,2024,Healthcare,740.97,"[""Health Insurance"", ""Pharmaceuticals"", ""Diagnostics"", ""Biotechnology""]","Health Insurance, Pharmaceuticals, Diagnostics","The Company is engaged in health insurance, pharmaceuticals, diagnostics. It provides innovative solutions and services to customers worldwide.",-9.7617,9.1772,4,"{""Health Insurance"": 0.88, ""Pharmaceuticals"": 0.65, ""Diagnostics"": 0.81, ""Biotechnology"": 0.85}"
Jazz Pharma,10067,0822581356,2025,Healthcare,833.72,"[""Health Insurance"", ""Pharmaceuticals"", ""Diagnostics"", ""Biotechnology""]","Health Insurance, Pharmaceuticals, Diagnostics","The Company is engaged in health insurance, pharmaceuticals, diagnostics. It provides innovative solutions and services to customers worldwide.",-10.5235,9.5154,4,"{""Health Insurance"": 0.74, ""Pharmaceuticals"": 0.63, ""Diagnostics"": 0.69, ""Biotechnology"": 0.52}"
United Therapeutics,10068,0649183741,2021,Healthcare,310.2,"[""Biotechnology"", ""Medical Devices""]","Biotechnology, Medical Devices","The Company is engaged in biotechnology, medical devices. It provides innovative solutions and services to customers worldwide.",-8.6948,4.6671,2,"{""Biotechnology"": 0.88, ""Medical Devices"": 0.69}"
United Therapeutics,10068,0649183741,2022,Healthcare,338.9,"[""Biotechnology"", ""Medical Devices""]","Biotechnology, Medical Devices","The Company is engaged in biotechnology, medical devices. It provides innovative solutions and services to customers worldwide.",-9.5447,3.7085,2,"{""Biotechnology"": 0.87, ""Medical Devices"": 0.58}"
United Therapeutics,10068,0649183741,2023,Healthcare,376.63,"[""Biotechnology"", ""Medical Devices""]","Biotechnology, Medical Devices","The Company is engaged in biotechnology, medical devices. It provides innovative solutions and services to customers worldwide.",-8.9179,3.5073,2,"{""Biotechnology"": 0.94, ""Medical Devices"": 0.84}"
United Therapeutics,10068,0649183741,2024,Healthcare,407.59,"[""Biotechnology"", ""Medical Devices""]","Biotechnology, Medical Devices","The Company is engaged in biotechnology, medical devices. It provides innovative solutions and services to customers worldwide.",-7.7502,2.1312,2,"{""Biotechnology"": 0.54, ""Medical Devices"": 0.75}"
United Therapeutics,10068,0649183741,2025,Healthcare,450.85,"[""Biotechnology"", ""Medical Devices""]","Biotechnology, Medical Devices","The Company is engaged in biotechnology, medical devices. It provides innovative solutions and services to customers worldwide.",-8.4145,2.5492,2,"{""Biotechnology"": 0.76, ""Medical Devices"": 0.93}"
JPMorgan Chase,10069,0282202377,2021,Financials,292.75,"[""Asset Management"", ""Banking""]","Asset Management, Banking","The Company is engaged in asset management, banking. It provides innovative solutions and services to customers worldwide.",7.6989,-6.2985,2,"{""Asset Management"": 0.54, ""Banking"": 0.86}"
JPMorgan Chase,10069,0282202377,2022,Financials,279.92,"[""Asset Management"", ""Banking""]","Asset Management, Banking","The Company is engaged in asset management, banking. It provides innovative solutions and services to customers worldwide.",7.3647,-5.5447,2,"{""Asset Management"": 0.52, ""Banking"": 0.56}"
JPMorgan Chase,10069,0282202377,2023,Financials,274.73,"[""Asset Management"", ""Banking""]","Asset Management, Banking","The Company is engaged in asset management, banking. It provides innovative solutions and services to customers worldwide.",7.8781,-6.4358,2,"{""Asset Management"": 0.55, ""Banking"": 0.84}"
JPMorgan Chase,10069,0282202377,2024,Financials,291.17,"[""Asset Management"", ""Banking""]","Asset Management, Banking","The Company is engaged in asset management, banking. It provides innovative solutions and services to customers worldwide.",7.3106,-4.9349,2,"{""Asset Management"": 0.64, ""Banking"": 0.72}"
JPMorgan Chase,10069,0282202377,2025,Financials,329.41,"[""Asset Management"", ""Banking""]","Asset Management, Banking","The Company is engaged in asset management, banking. It provides innovative solutions and services to customers worldwide.",5.3626,-4.8196,2,"{""Asset Management"": 0.51, ""Banking"": 0.85}"
Bank of America,10070,0634220194,2021,Financials,21.93,"[""Insurance"", ""Capital Markets"", ""Payment Processing""]","Insurance, Capital Markets, Payment Processing","The Company is engaged in insurance, capital markets, payment processing. It provides innovative solutions and services to customers worldwide.",6.4545,-3.2791,3,"{""Insurance"": 0.72, ""Capital Markets"": 0.55, ""Payment Processing"": 0.93}"
Bank of America,10070,0634220194,2022,Financials,24.39,"[""Insurance"", ""Capital Markets"", ""Payment Processing""]","Insurance, Capital Markets, Payment Processing","The Company is engaged in insurance, capital markets, payment processing. It provides innovative solutions and services to customers worldwide.",6.7909,-3.5214,3,"{""Insurance"": 0.8, ""Capital Markets"": 0.78, ""Payment Processing"": 0.64}"
Bank of America,10070,0634220194,2023,Financials,23.51,"[""Insurance"", ""Capital Markets"", ""Payment Processing""]","Insurance, Capital Markets, Payment Processing","The Company is engaged in insurance, capital markets, payment processing. It provides innovative solutions and services to customers worldwide.",6.7961,-2.4391,3,"{""Insurance"": 0.64, ""Capital Markets"": 0.92, ""Payment Processing"": 0.88}"
Bank of America,10070,0634220194,2024,Financials,23.5,"[""Insurance"", ""Capital Markets"", ""Payment Processing""]","Insurance, Capital Markets, Payment Processing","The Company is engaged in insurance, capital markets, payment processing. It provides innovative solutions and services to customers worldwide.",6.8178,-2.3577,3,"{""Insurance"": 0.57, ""Capital Markets"": 0.58, ""Payment Processing"": 0.51}"
Bank of America,10070,0634220194,2025,Financials,24.26,"[""Insurance"", ""Capital Markets"", ""Payment Processing""]","Insurance, Capital Markets, Payment Processing","The Company is engaged in insurance, capital markets, payment processing. It provides innovative solutions and services to customers worldwide.",5.8363,-2.7054,3,"{""Insurance"": 0.92, ""Capital Markets"": 0.69, ""Payment Processing"": 0.9}"
Wells Fargo,10071,0553139524,2021,Financials,53.52,"[""Capital Markets"", ""Insurance"", ""Payment Processing"", ""Asset Management""]","Capital Markets, Insurance, Payment Processing","The Company is engaged in capital markets, insurance, payment processing. It provides innovative solutions and services to customers worldwide.",8.1198,-6.7825,4,"{""Capital Markets"": 0.85, ""Insurance"": 0.85, ""Payment Processing"": 0.77, ""Asset Management"": 0.95}"
Wells Fargo,10071,0553139524,2022,Financials,60.63,"[""Capital Markets"", ""Insurance"", ""Payment Processing"", ""Asset Management""]","Capital Markets, Insurance, Payment Processing","The Company is engaged in capital markets, insurance, payment processing. It provides innovative solutions and services to customers worldwide.",8.4594,-6.917,4,"{""Capital Markets"": 0.51, ""Insurance"": 0.7, ""Payment Processing"": 0.94, ""Asset Management"": 0.55}"
Wells Fargo,10071,0553139524,2023,Financials,64.33,"[""Capital Markets"", ""Insurance"", ""Payment Processing"", ""Asset Management""]","Capital Markets, Insurance, Payment Processing","The Company is engaged in capital markets, insurance, payment processing. It provides innovative solutions and services to customers worldwide.",8.7699,-6.886,4,"{""Capital Markets"": 0.59, ""Insurance"": 0.76, ""Payment Processing"": 0.59, ""Asset Management"": 0.73}"
Wells Fargo,10071,0553139524,2024,Financials,67.77,"[""Capital Markets"", ""Insurance"", ""Payment Processing"", ""Asset Management""]","Capital Markets, Insurance, Payment Processing","The Company is engaged in capital markets, insurance, payment processing. It provides innovative solutions and services to customers worldwide.",8.9089,-7.4471,4,"{""Capital Markets"": 0.83, ""Insurance"": 0.78, ""Payment Processing"": 0.75, ""Asset Management"": 0.81}"
Wells Fargo,10071,0553139524,2025,Financials,66.71,"[""Capital Markets"", ""Insurance"", ""Payment Processing"", ""Asset Management""]","Capital Markets, Insurance, Payment Processing","The Company is engaged in capital markets, insurance, payment processing. It provides innovative solutions and services to customers worldwide.",9.1374,-8.3004,4,"{""Capital Markets"": 0.92, ""Insurance"": 0.53, ""Payment Processing"": 0.69, ""Asset Management"": 0.81}"
Citigroup,10072,0993448594,2021,Financials,361.0,"[""Insurance"", ""Payment Processing"", ""Banking"", ""Capital Markets""]","Insurance, Payment Processing, Banking","The Company is engaged in insurance, payment processing, banking. It provides innovative solutions and services to customers worldwide.",7.6198,-4.8089,4,"{""Insurance"": 0.58, ""Payment Processing"": 0.55, ""Banking"": 0.7, ""Capital Markets"": 0.78}"
Citigroup,10072,0993448594,2022,Financials,346.59,"[""Insurance"", ""Payment Processing"", ""Banking"", ""Capital Markets""]","Insurance, Payment Processing, Banking","The Company is engaged in insurance, payment processing, banking. It provides innovative solutions and services to customers worldwide.",6.4642,-3.6646,4,"{""Insurance"": 0.78, ""Payment Processing"": 0.67, ""Banking"": 0.92, ""Capital Markets"": 0.74}"
Citigroup,10072,0993448594,2023,Financials,380.52,"[""Insurance"", ""Payment Processing"", ""Banking"", ""Capital Markets""]","Insurance, Payment Processing, Banking","The Company is engaged in insurance, payment processing, banking. It provides innovative solutions and services to customers worldwide.",7.0705,-2.4973,4,"{""Insurance"": 0.6, ""Payment Processing"": 0.8, ""Banking"": 0.72, ""Capital Markets"": 0.83}"
Citigroup,10072,0993448594,2024,Financials,367.91,"[""Insurance"", ""Payment Processing"", ""Banking"", ""Capital Markets""]","Insurance, Payment Processing, Banking","The Company is engaged in insurance, payment processing, banking. It provides innovative solutions and services to customers worldwide.",7.6529,-2.7555,4,"{""Insurance"": 0.86, ""Payment Processing"": 0.89, ""Banking"": 0.87, ""Capital Markets"": 0.73}"
Citigroup,10072,0993448594,2025,Financials,398.86,"[""Insurance"", ""Payment Processing"", ""Banking"", ""Capital Markets""]","Insurance, Payment Processing, Banking","The Company is engaged in insurance, payment processing, banking. It provides innovative solutions and services to customers worldwide.",7.864,-3.9751,4,"{""Insurance"": 0.82, ""Payment Processing"": 0.59, ""Banking"": 0.79, ""Capital Markets"": 0.87}"
Goldman Sachs,10073,0314828142,2021,Financials,454.58,"[""Insurance"", ""Payment Processing"", ""Asset Management"", ""Capital Markets""]","Insurance, Payment Processing, Asset Management","The Company is engaged in insurance, payment processing, asset management. It provides innovative solutions and services to customers worldwide.",7.0744,-8.1109,4,"{""Insurance"": 0.9, ""Payment Processing"": 0.67, ""Asset Management"": 0.72, ""Capital Markets"": 0.63}"
Goldman Sachs,10073,0314828142,2022,Financials,478.55,"[""Insurance"", ""Payment Processing"", ""Asset Management"", ""Capital Markets""]","Insurance, Payment Processing, Asset Management","The Company is engaged in insurance, payment processing, asset management. It provides innovative solutions and services to customers worldwide.",6.695,-7.0501,4,"{""Insurance"": 0.61, ""Payment Processing"": 0.94, ""Asset Management"": 0.63, ""Capital Markets"": 0.85}"
Goldman Sachs,10073,0314828142,2023,Financials,531.16,"[""Insurance"", ""Payment Processing"", ""Asset Management"", ""Capital Markets""]","Insurance, Payment Processing, Asset Management","The Company is engaged in insurance, payment processing, asset management. It provides innovative solutions and services to customers worldwide.",5.5942,-7.3218,4,"{""Insurance"": 0.65, ""Payment Processing"": 0.89, ""Asset Management"": 0.91, ""Capital Markets"": 0.89}"
Goldman Sachs,10073,0314828142,2024,Financials,572.37,"[""Insurance"", ""Payment Processing"", ""Asset Management"", ""Capital Markets""]","Insurance, Payment Processing, Asset Management","The Company is engaged in insurance, payment processing, asset management. It provides innovative solutions and services to customers worldwide.",6.3936,-7.5115,4,"{""Insurance"": 0.88, ""Payment Processing"": 0.72, ""Asset Management"": 0.74, ""Capital Markets"": 0.56}"
Goldman Sachs,10073,0314828142,2025,Financials,601.0,"[""Insurance"", ""Payment Processing"", ""Asset Management"", ""Capital Markets""]","Insurance, Payment Processing, Asset Management","The Company is engaged in insurance, payment processing, asset management. It provides innovative solutions and services to customers worldwide.",6.0765,-6.3942,4,"{""Insurance"": 0.85, ""Payment Processing"": 0.77, ""Asset Management"": 0.59, ""Capital Markets"": 0.77}"
Morgan Stanley,10074,0777027974,2021,Financials,53.91,"[""Asset Management"", ""Banking"", ""Insurance""]","Asset Management, Banking, Insurance","The Company is engaged in asset management, banking, insurance. It provides innovative solutions and services to customers worldwide.",6.3273,-9.5438,3,"{""Asset Management"": 0.87, ""Banking"": 0.81, ""Insurance"": 0.55}"
Morgan Stanley,10074,0777027974,2022,Financials,53.91,"[""Asset Management"", ""Banking"", ""Insurance""]","Asset Management, Banking, Insurance","The Company is engaged in asset management, banking, insurance. It provides innovative solutions and services to customers worldwide.",5.521,-10.4374,3,"{""Asset Management"": 0.73, ""Banking"": 0.74, ""Insurance"": 0.66}"
Morgan Stanley,10074,0777027974,2023,Financials,59.72,"[""Asset Management"", ""Banking"", ""Insurance""]","Asset Management, Banking, Insurance","The Company is engaged in asset management, banking, insurance. It provides innovative solutions and services to customers worldwide.",6.3602,-10.8109,3,"{""Asset Management"": 0.64, ""Banking"": 0.91, ""Insurance"": 0.93}"
Morgan Stanley,10074,0777027974,2024,Financials,62.78,"[""Asset Management"", ""Banking"", ""Insurance""]","Asset Management, Banking, Insurance","The Company is engaged in asset management, banking, insurance. It provides innovative solutions and services to customers worldwide.",5.4438,-11.9016,3,"{""Asset Management"": 0.92, ""Banking"": 0.89, ""Insurance"": 0.55}"
Morgan Stanley,10074,0777027974,2025,Financials,65.96,"[""Asset Management"", ""Banking"", ""Insurance""]","Asset Management, Banking, Insurance","The Company is engaged in asset management, banking, insurance. It provides innovative solutions and services to customers worldwide.",6.2957,-13.6138,3,"{""Asset Management"": 0.59, ""Banking"": 0.89, ""Insurance"": 0.8}"
BlackRock,10075,0477563600,2021,Financials,228.18,"[""Payment Processing"", ""Capital Markets"", ""Asset Management"", ""Insurance""]","Payment Processing, Capital Markets, Asset Management","The Company is engaged in payment processing, capital markets, asset management. It provides innovative solutions and services to customers worldwide.",7.5419,-7.0164,4,"{""Payment Processing"": 0.57, ""Capital Markets"": 0.54, ""Asset Management"": 0.51, ""Insurance"": 0.57}"
BlackRock,10075,0477563600,2022,Financials,232.94,"[""Payment Processing"", ""Capital Markets"", ""Asset Management"", ""Insurance""]","Payment Processing, Capital Markets, Asset Management","The Company is engaged in payment processing, capital markets, asset management. It provides innovative solutions and services to customers worldwide.",7.3171,-6.6765,4,"{""Payment Processing"": 0.55, ""Capital Markets"": 0.6, ""Asset Management"": 0.73, ""Insurance"": 0.77}"
BlackRock,10075,0477563600,2023,Financials,231.52,"[""Payment Processing"", ""Capital Markets"", ""Asset Management"", ""Insurance""]","Payment Processing, Capital Markets, Asset Management","The Company is engaged in payment processing, capital markets, asset management. It provides innovative solutions and services to customers worldwide.",6.215,-7.1283,4,"{""Payment Processing"": 0.93, ""Capital Markets"": 0.78, ""Asset Management"": 0.75, ""Insurance"": 0.69}"
BlackRock,10075,0477563600,2024,Financials,252.19,"[""Payment Processing"", ""Capital Markets"", ""Asset Management"", ""Insurance""]","Payment Processing, Capital Markets, Asset Management","The Company is engaged in payment processing, capital markets, asset management. It provides innovative solutions and services to customers worldwide.",7.2883,-8.9928,4,"{""Payment Processing"": 0.82, ""Capital Markets"": 0.58, ""Asset Management"": 0.73, ""Insurance"": 0.69}"
BlackRock,10075,0477563600,2025,Financials,266.44,"[""Payment Processing"", ""Capital Markets"", ""Asset Management"", ""Insurance""]","Payment Processing, Capital Markets, Asset Management","The Company is engaged in payment processing, capital markets, asset management. It provides innovative solutions and services to customers worldwide.",7.5506,-8.2534,4,"{""Payment Processing"": 0.55, ""Capital Markets"": 0.77, ""Asset Management"": 0.55, ""Insurance"": 0.65}"
Charles Schwab,10076,0713501567,2021,Financials,663.37,"[""Insurance"", ""Payment Processing""]","Insurance, Payment Processing","The Company is engaged in insurance, payment processing. It provides innovative solutions and services to customers worldwide.",8.3625,-6.1213,2,"{""Insurance"": 0.6, ""Payment Processing"": 0.82}"
Charles Schwab,10076,0713501567,2022,Financials,722.72,"[""Insurance"", ""Payment Processing""]","Insurance, Payment Processing","The Company is engaged in insurance, payment processing. It provides innovative solutions and services to customers worldwide.",8.6424,-5.6597,2,"{""Insurance"": 0.84, ""Payment Processing"": 0.71}"
Charles Schwab,10076,0713501567,2023,Financials,704.99,"[""Insurance"", ""Payment Processing""]","Insurance, Payment Processing","The Company is engaged in insurance, payment processing. It provides innovative solutions and services to customers worldwide.",8.4289,-5.3903,2,"{""Insurance"": 0.63, ""Payment Processing"": 0.74}"
Charles Schwab,10076,0713501567,2024,Financials,726.79,"[""Insurance"", ""Payment Processing""]","Insurance, Payment Processing","The Company is engaged in insurance, payment processing. It provides innovative solutions and services to customers worldwide.",9.4943,-5.3552,2,"{""Insurance"": 0.72, ""Payment Processing"": 0.51}"
Charles Schwab,10076,0713501567,2025,Financials,692.7,"[""Insurance"", ""Payment Processing""]","Insurance, Payment Processing","The Company is engaged in insurance, payment processing. It provides innovative solutions and services to customers worldwide.",10.9003,-6.214,2,"{""Insurance"": 0.63, ""Payment Processing"": 0.59}"
American Express,10077,0280326023,2021,Financials,576.49,"[""Capital Markets"", ""Asset Management"", ""Insurance"", ""Payment Processing""]","Capital Markets, Asset Management, Insurance","The Company is engaged in capital markets, asset management, insurance. It provides innovative solutions and services to customers worldwide.",6.9157,-6.1516,4,"{""Capital Markets"": 0.67, ""Asset Management"": 0.67, ""Insurance"": 0.52, ""Payment Processing"": 0.66}"
American Express,10077,0280326023,2022,Financials,643.52,"[""Capital Markets"", ""Asset Management"", ""Insurance"", ""Payment Processing""]","Capital Markets, Asset Management, Insurance","The Company is engaged in capital markets, asset management, insurance. It provides innovative solutions and services to customers worldwide.",6.7691,-5.6307,4,"{""Capital Markets"": 0.88, ""Asset Management"": 0.67, ""Insurance"": 0.78, ""Payment Processing"": 0.54}"
American Express,10077,0280326023,2023,Financials,681.88,"[""Capital Markets"", ""Asset Management"", ""Insurance"", ""Payment Processing""]","Capital Markets, Asset Management, Insurance","The Company is engaged in capital markets, asset management, insurance. It provides innovative solutions and services to customers worldwide.",5.4407,-4.175,4,"{""Capital Markets"": 0.73, ""Asset Management"": 0.66, ""Insurance"": 0.8, ""Payment Processing"": 0.84}"
American Express,10077,0280326023,2024,Financials,738.14,"[""Capital Markets"", ""Asset Management"", ""Insurance"", ""Payment Processing""]","Capital Markets, Asset Management, Insurance","The Company is engaged in capital markets, asset management, insurance. It provides innovative solutions and services to customers worldwide.",4.8,-2.9698,4,"{""Capital Markets"": 0.66, ""Asset Management"": 0.68, ""Insurance"": 0.57, ""Payment Processing"": 0.62}"
American Express,10077,0280326023,2025,Financials,815.54,"[""Capital Markets"", ""Asset Management"", ""Insurance"", ""Payment Processing""]","Capital Markets, Asset Management, Insurance","The Company is engaged in capital markets, asset management, insurance. It provides innovative solutions and services to customers worldwide.",3.7906,-1.378,4,"{""Capital Markets"": 0.88, ""Asset Management"": 0.74, ""Insurance"": 0.84, ""Payment Processing"": 0.64}"
Visa,10078,0808545980,2021,Financials,450.92,"[""Asset Management"", ""Capital Markets"", ""Payment Processing""]","Asset Management, Capital Markets, Payment Processing","The Company is engaged in asset management, capital markets, payment processing. It provides innovative solutions and services to customers worldwide.",7.7084,-4.0503,3,"{""Asset Management"": 0.7, ""Capital Markets"": 0.93, ""Payment Processing"": 0.69}"
Visa,10078,0808545980,2022,Financials,485.8,"[""Asset Management"", ""Capital Markets"", ""Payment Processing""]","Asset Management, Capital Markets, Payment Processing","The Company is engaged in asset management, capital markets, payment processing. It provides innovative solutions and services to customers worldwide.",9.013,-2.1145,3,"{""Asset Management"": 0.84, ""Capital Markets"": 0.6, ""Payment Processing"": 0.74}"
Visa,10078,0808545980,2023,Financials,488.57,"[""Asset Management"", ""Capital Markets"", ""Payment Processing""]","Asset Management, Capital Markets, Payment Processing","The Company is engaged in asset management, capital markets, payment processing. It provides innovative solutions and services to customers worldwide.",8.8961,-1.0822,3,"{""Asset Management"": 0.79, ""Capital Markets"": 0.87, ""Payment Processing"": 0.53}"
Visa,10078,0808545980,2024,Financials,509.24,"[""Asset Management"", ""Capital Markets"", ""Payment Processing""]","Asset Management, Capital Markets, Payment Processing","The Company is engaged in asset management, capital markets, payment processing. It provides innovative solutions and services to customers worldwide.",9.3874,-0.6595,3,"{""Asset Management"": 0.94, ""Capital Markets"": 0.85, ""Payment Processing"": 0.85}"
Visa,10078,0808545980,2025,Financials,505.9,"[""Asset Management"", ""Capital Markets"", ""Payment Processing""]","Asset Management, Capital Markets, Payment Processing","The Company is engaged in asset management, capital markets, payment processing. It provides innovative solutions and services to customers worldwide.",8.8742,-0.2955,3,"{""Asset Management"": 0.71, ""Capital Markets"": 0.62, ""Payment Processing"": 0.69}"
Mastercard,10079,0694698847,2021,Financials,170.51,"[""Banking"", ""Insurance""]","Banking, Insurance","The Company is engaged in banking, insurance. It provides innovative solutions and services to customers worldwide.",6.8765,-9.2775,2,"{""Banking"": 0.54, ""Insurance"": 0.84}"
Mastercard,10079,0694698847,2022,Financials,194.97,"[""Banking"", ""Insurance""]","Banking, Insurance","The Company is engaged in banking, insurance. It provides innovative solutions and services to customers worldwide.",7.3501,-8.5615,2,"{""Banking"": 0.87, ""Insurance"": 0.91}"
Mastercard,10079,0694698847,2023,Financials,197.07,"[""Banking"", ""Insurance""]","Banking, Insurance","The Company is engaged in banking, insurance. It provides innovative solutions and services to customers worldwide.",9.3097,-9.5025,2,"{""Banking"": 0.64, ""Insurance"": 0.93}"
Mastercard,10079,0694698847,2024,Financials,190.38,"[""Banking"", ""Insurance""]","Banking, Insurance","The Company is engaged in banking, insurance. It provides innovative solutions and services to customers worldwide.",9.157,-9.532,2,"{""Banking"": 0.64, ""Insurance"": 0.51}"
Mastercard,10079,0694698847,2025,Financials,185.91,"[""Banking"", ""Insurance""]","Banking, Insurance","The Company is engaged in banking, insurance. It provides innovative solutions and services to customers worldwide.",8.3317,-8.6413,2,"{""Banking"": 0.73, ""Insurance"": 0.5}"
PayPal,10080,0909230850,2021,Financials,404.71,"[""Payment Processing"", ""Banking""]","Payment Processing, Banking","The Company is engaged in payment processing, banking. It provides innovative solutions and services to customers worldwide.",9.8901,-6.7262,2,"{""Payment Processing"": 0.89, ""Banking"": 0.67}"
PayPal,10080,0909230850,2022,Financials,435.71,"[""Payment Processing"", ""Banking""]","Payment Processing, Banking","The Company is engaged in payment processing, banking. It provides innovative solutions and services to customers worldwide.",11.002,-7.9318,2,"{""Payment Processing"": 0.71, ""Banking"": 0.7}"
PayPal,10080,0909230850,2023,Financials,454.11,"[""Payment Processing"", ""Banking""]","Payment Processing, Banking","The Company is engaged in payment processing, banking. It provides innovative solutions and services to customers worldwide.",11.9147,-7.9466,2,"{""Payment Processing"": 0.92, ""Banking"": 0.73}"
PayPal,10080,0909230850,2024,Financials,441.4,"[""Payment Processing"", ""Banking""]","Payment Processing, Banking","The Company is engaged in payment processing, banking. It provides innovative solutions and services to customers worldwide.",12.6653,-8.2306,2,"{""Payment Processing"": 0.92, ""Banking"": 0.78}"
PayPal,10080,0909230850,2025,Financials,505.34,"[""Payment Processing"", ""Banking""]","Payment Processing, Banking","The Company is engaged in payment processing, banking. It provides innovative solutions and services to customers worldwide.",12.7913,-8.6196,2,"{""Payment Processing"": 0.53, ""Banking"": 0.75}"
Berkshire Hathaway,10081,0683859263,2021,Financials,543.07,"[""Banking"", ""Insurance""]","Banking, Insurance","The Company is engaged in banking, insurance. It provides innovative solutions and services to customers worldwide.",8.4072,-6.1312,2,"{""Banking"": 0.93, ""Insurance"": 0.74}"
Berkshire Hathaway,10081,0683859263,2022,Financials,532.61,"[""Banking"", ""Insurance""]","Banking, Insurance","The Company is engaged in banking, insurance. It provides innovative solutions and services to customers worldwide.",6.3836,-6.3685,2,"{""Banking"": 0.76, ""Insurance"": 0.62}"
Berkshire Hathaway,10081,0683859263,2023,Financials,569.13,"[""Banking"", ""Insurance""]","Banking, Insurance","The Company is engaged in banking, insurance. It provides innovative solutions and services to customers worldwide.",6.5045,-5.7563,2,"{""Banking"": 0.66, ""Insurance"": 0.52}"
Berkshire Hathaway,10081,0683859263,2024,Financials,550.3,"[""Banking"", ""Insurance""]","Banking, Insurance","The Company is engaged in banking, insurance. It provides innovative solutions and services to customers worldwide.",6.4453,-6.1176,2,"{""Banking"": 0.77, ""Insurance"": 0.9}"
Berkshire Hathaway,10081,0683859263,2025,Financials,546.03,"[""Banking"", ""Insurance""]","Banking, Insurance","The Company is engaged in banking, insurance. It provides innovative solutions and services to customers worldwide.",6.7108,-5.4782,2,"{""Banking"": 0.89, ""Insurance"": 0.9}"
MetLife,10082,0944620719,2021,Financials,254.31,"[""Capital Markets"", ""Asset Management"", ""Payment Processing"", ""Insurance""]","Capital Markets, Asset Management, Payment Processing","The Company is engaged in capital markets, asset management, payment processing. It provides innovative solutions and services to customers worldwide.",5.3077,-9.6388,4,"{""Capital Markets"": 0.9, ""Asset Management"": 0.64, ""Payment Processing"": 0.75, ""Insurance"": 0.86}"
MetLife,10082,0944620719,2022,Financials,265.75,"[""Capital Markets"", ""Asset Management"", ""Payment Processing"", ""Insurance""]","Capital Markets, Asset Management, Payment Processing","The Company is engaged in capital markets, asset management, payment processing. It provides innovative solutions and services to customers worldwide.",4.3527,-9.8798,4,"{""Capital Markets"": 0.52, ""Asset Management"": 0.92, ""Payment Processing"": 0.53, ""Insurance"": 0.7}"
MetLife,10082,0944620719,2023,Financials,261.29,"[""Capital Markets"", ""Asset Management"", ""Payment Processing"", ""Insurance""]","Capital Markets, Asset Management, Payment Processing","The Company is engaged in capital markets, asset management, payment processing. It provides innovative solutions and services to customers worldwide.",4.6197,-9.8634,4,"{""Capital Markets"": 0.55, ""Asset Management"": 0.5, ""Payment Processing"": 0.57, ""Insurance"": 0.59}"
MetLife,10082,0944620719,2024,Financials,249.3,"[""Capital Markets"", ""Asset Management"", ""Payment Processing"", ""Insurance""]","Capital Markets, Asset Management, Payment Processing","The Company is engaged in capital markets, asset management, payment processing. It provides innovative solutions and services to customers worldwide.",3.6143,-9.395,4,"{""Capital Markets"": 0.87, ""Asset Management"": 0.66, ""Payment Processing"": 0.66, ""Insurance"": 0.64}"
MetLife,10082,0944620719,2025,Financials,240.64,"[""Capital Markets"", ""Asset Management"", ""Payment Processing"", ""Insurance""]","Capital Markets, Asset Management, Payment Processing","The Company is engaged in capital markets, asset management, payment processing. It provides innovative solutions and services to customers worldwide.",3.7737,-9.1656,4,"{""Capital Markets"": 0.94, ""Asset Management"": 0.62, ""Payment Processing"": 0.54, ""Insurance"": 0.87}"
Prudential,10083,0987664650,2021,Financials,348.49,"[""Banking"", ""Insurance"", ""Asset Management""]","Banking, Insurance, Asset Management","The Company is engaged in banking, insurance, asset management. It provides innovative solutions and services to customers worldwide.",6.8907,-11.2002,3,"{""Banking"": 0.87, ""Insurance"": 0.53, ""Asset Management"": 0.69}"
Prudential,10083,0987664650,2022,Financials,371.09,"[""Banking"", ""Insurance"", ""Asset Management""]","Banking, Insurance, Asset Management","The Company is engaged in banking, insurance, asset management. It provides innovative solutions and services to customers worldwide.",8.2818,-11.4572,3,"{""Banking"": 0.8, ""Insurance"": 0.85, ""Asset Management"": 0.89}"
Prudential,10083,0987664650,2023,Financials,414.88,"[""Banking"", ""Insurance"", ""Asset Management""]","Banking, Insurance, Asset Management","The Company is engaged in banking, insurance, asset management. It provides innovative solutions and services to customers worldwide.",8.5968,-12.9993,3,"{""Banking"": 0.95, ""Insurance"": 0.9, ""Asset Management"": 0.67}"
Prudential,10083,0987664650,2024,Financials,455.68,"[""Banking"", ""Insurance"", ""Asset Management""]","Banking, Insurance, Asset Management","The Company is engaged in banking, insurance, asset management. It provides innovative solutions and services to customers worldwide.",8.5577,-14.1235,3,"{""Banking"": 0.72, ""Insurance"": 0.72, ""Asset Management"": 0.88}"
Prudential,10083,0987664650,2025,Financials,469.97,"[""Banking"", ""Insurance"", ""Asset Management""]","Banking, Insurance, Asset Management","The Company is engaged in banking, insurance, asset management. It provides innovative solutions and services to customers worldwide.",9.3189,-14.4167,3,"{""Banking"": 0.65, ""Insurance"": 0.7, ""Asset Management"": 0.84}"
Aflac,10084,0641174589,2021,Financials,556.71,"[""Insurance"", ""Asset Management""]","Insurance, Asset Management","The Company is engaged in insurance, asset management. It provides innovative solutions and services to customers worldwide.",10.0668,-9.4477,2,"{""Insurance"": 0.8, ""Asset Management"": 0.56}"
Aflac,10084,0641174589,2022,Financials,559.9,"[""Insurance"", ""Asset Management""]","Insurance, Asset Management","The Company is engaged in insurance, asset management. It provides innovative solutions and services to customers worldwide.",9.0336,-9.215,2,"{""Insurance"": 0.6, ""Asset Management"": 0.58}"
Aflac,10084,0641174589,2023,Financials,635.72,"[""Insurance"", ""Asset Management""]","Insurance, Asset Management","The Company is engaged in insurance, asset management. It provides innovative solutions and services to customers worldwide.",8.5949,-8.5483,2,"{""Insurance"": 0.94, ""Asset Management"": 0.76}"
Aflac,10084,0641174589,2024,Financials,705.36,"[""Insurance"", ""Asset Management""]","Insurance, Asset Management","The Company is engaged in insurance, asset management. It provides innovative solutions and services to customers worldwide.",8.3149,-9.3452,2,"{""Insurance"": 0.67, ""Asset Management"": 0.54}"
Aflac,10084,0641174589,2025,Financials,782.38,"[""Insurance"", ""Asset Management""]","Insurance, Asset Management","The Company is engaged in insurance, asset management. It provides innovative solutions and services to customers worldwide.",9.2587,-9.1899,2,"{""Insurance"": 0.58, ""Asset Management"": 0.8}"
PNC Financial,10085,0111364638,2021,Financials,151.33,"[""Banking"", ""Asset Management"", ""Capital Markets""]","Banking, Asset Management, Capital Markets","The Company is engaged in banking, asset management, capital markets. It provides innovative solutions and services to customers worldwide.",6.8398,-8.5347,3,"{""Banking"": 0.59, ""Asset Management"": 0.63, ""Capital Markets"": 0.61}"
PNC Financial,10085,0111364638,2022,Financials,167.55,"[""Banking"", ""Asset Management"", ""Capital Markets""]","Banking, Asset Management, Capital Markets","The Company is engaged in banking, asset management, capital markets. It provides innovative solutions and services to customers worldwide.",7.4008,-8.3894,3,"{""Banking"": 0.77, ""Asset Management"": 0.5, ""Capital Markets"": 0.85}"
PNC Financial,10085,0111364638,2023,Financials,184.66,"[""Banking"", ""Asset Management"", ""Capital Markets""]","Banking, Asset Management, Capital Markets","The Company is engaged in banking, asset management, capital markets. It provides innovative solutions and services to customers worldwide.",8.0924,-7.1743,3,"{""Banking"": 0.73, ""Asset Management"": 0.82, ""Capital Markets"": 0.92}"
PNC Financial,10085,0111364638,2024,Financials,192.99,"[""Banking"", ""Asset Management"", ""Capital Markets""]","Banking, Asset Management, Capital Markets","The Company is engaged in banking, asset management, capital markets. It provides innovative solutions and services to customers worldwide.",9.2616,-7.872,3,"{""Banking"": 0.8, ""Asset Management"": 0.84, ""Capital Markets"": 0.52}"
PNC Financial,10085,0111364638,2025,Financials,209.2,"[""Banking"", ""Asset Management"", ""Capital Markets""]","Banking, Asset Management, Capital Markets","The Company is engaged in banking, asset management, capital markets. It provides innovative solutions and services to customers worldwide.",8.2871,-7.3492,3,"{""Banking"": 0.71, ""Asset Management"": 0.85, ""Capital Markets"": 0.56}"
US Bancorp,10086,0642550399,2021,Financials,39.13,"[""Insurance"", ""Asset Management""]","Insurance, Asset Management","The Company is engaged in insurance, asset management. It provides innovative solutions and services to customers worldwide.",4.9617,-8.6566,2,"{""Insurance"": 0.91, ""Asset Management"": 0.59}"
US Bancorp,10086,0642550399,2022,Financials,41.95,"[""Insurance"", ""Asset Management""]","Insurance, Asset Management","The Company is engaged in insurance, asset management. It provides innovative solutions and services to customers worldwide.",5.1416,-8.2683,2,"{""Insurance"": 0.59, ""Asset Management"": 0.52}"
US Bancorp,10086,0642550399,2023,Financials,41.63,"[""Insurance"", ""Asset Management""]","Insurance, Asset Management","The Company is engaged in insurance, asset management. It provides innovative solutions and services to customers worldwide.",6.6715,-7.5769,2,"{""Insurance"": 0.75, ""Asset Management"": 0.89}"
US Bancorp,10086,0642550399,2024,Financials,45.78,"[""Insurance"", ""Asset Management""]","Insurance, Asset Management","The Company is engaged in insurance, asset management. It provides innovative solutions and services to customers worldwide.",5.5239,-8.4228,2,"{""Insurance"": 0.69, ""Asset Management"": 0.54}"
US Bancorp,10086,0642550399,2025,Financials,46.17,"[""Insurance"", ""Asset Management""]","Insurance, Asset Management","The Company is engaged in insurance, asset management. It provides innovative solutions and services to customers worldwide.",5.0318,-9.7358,2,"{""Insurance"": 0.65, ""Asset Management"": 0.63}"
Truist Financial,10087,0278237543,2021,Financials,643.95,"[""Capital Markets"", ""Payment Processing"", ""Insurance"", ""Asset Management""]","Capital Markets, Payment Processing, Insurance","The Company is engaged in capital markets, payment processing, insurance. It provides innovative solutions and services to customers worldwide.",6.7972,-4.7724,4,"{""Capital Markets"": 0.64, ""Payment Processing"": 0.65, ""Insurance"": 0.54, ""Asset Management"": 0.7}"
Truist Financial,10087,0278237543,2022,Financials,719.24,"[""Capital Markets"", ""Payment Processing"", ""Insurance"", ""Asset Management""]","Capital Markets, Payment Processing, Insurance","The Company is engaged in capital markets, payment processing, insurance. It provides innovative solutions and services to customers worldwide.",6.1411,-5.7735,4,"{""Capital Markets"": 0.92, ""Payment Processing"": 0.58, ""Insurance"": 0.67, ""Asset Management"": 0.92}"
Truist Financial,10087,0278237543,2023,Financials,704.92,"[""Capital Markets"", ""Payment Processing"", ""Insurance"", ""Asset Management""]","Capital Markets, Payment Processing, Insurance","The Company is engaged in capital markets, payment processing, insurance. It provides innovative solutions and services to customers worldwide.",6.4003,-6.6917,4,"{""Capital Markets"": 0.94, ""Payment Processing"": 0.7, ""Insurance"": 0.73, ""Asset Management"": 0.61}"
Truist Financial,10087,0278237543,2024,Financials,775.58,"[""Capital Markets"", ""Payment Processing"", ""Insurance"", ""Asset Management""]","Capital Markets, Payment Processing, Insurance","The Company is engaged in capital markets, payment processing, insurance. It provides innovative solutions and services to customers worldwide.",8.0608,-6.9895,4,"{""Capital Markets"": 0.84, ""Payment Processing"": 0.76, ""Insurance"": 0.91, ""Asset Management"": 0.87}"
Truist Financial,10087,0278237543,2025,Financials,799.22,"[""Capital Markets"", ""Payment Processing"", ""Insurance"", ""Asset Management""]","Capital Markets, Payment Processing, Insurance","The Company is engaged in capital markets, payment processing, insurance. It provides innovative solutions and services to customers worldwide.",7.3017,-5.5916,4,"{""Capital Markets"": 0.9, ""Payment Processing"": 0.9, ""Insurance"": 0.91, ""Asset Management"": 0.64}"
Capital One,10088,0920578486,2021,Financials,81.4,"[""Insurance"", ""Capital Markets"", ""Payment Processing""]","Insurance, Capital Markets, Payment Processing","The Company is engaged in insurance, capital markets, payment processing. It provides innovative solutions and services to customers worldwide.",6.9091,-7.9028,3,"{""Insurance"": 0.63, ""Capital Markets"": 0.77, ""Payment Processing"": 0.7}"
Capital One,10088,0920578486,2022,Financials,82.93,"[""Insurance"", ""Capital Markets"", ""Payment Processing""]","Insurance, Capital Markets, Payment Processing","The Company is engaged in insurance, capital markets, payment processing. It provides innovative solutions and services to customers worldwide.",7.6382,-7.8182,3,"{""Insurance"": 0.83, ""Capital Markets"": 0.8, ""Payment Processing"": 0.92}"
Capital One,10088,0920578486,2023,Financials,89.68,"[""Insurance"", ""Capital Markets"", ""Payment Processing""]","Insurance, Capital Markets, Payment Processing","The Company is engaged in insurance, capital markets, payment processing. It provides innovative solutions and services to customers worldwide.",7.8494,-6.8004,3,"{""Insurance"": 0.9, ""Capital Markets"": 0.68, ""Payment Processing"": 0.65}"
Capital One,10088,0920578486,2024,Financials,95.54,"[""Insurance"", ""Capital Markets"", ""Payment Processing""]","Insurance, Capital Markets, Payment Processing","The Company is engaged in insurance, capital markets, payment processing. It provides innovative solutions and services to customers worldwide.",7.7512,-6.7257,3,"{""Insurance"": 0.71, ""Capital Markets"": 0.55, ""Payment Processing"": 0.94}"
Capital One,10088,0920578486,2025,Financials,91.38,"[""Insurance"", ""Capital Markets"", ""Payment Processing""]","Insurance, Capital Markets, Payment Processing","The Company is engaged in insurance, capital markets, payment processing. It provides innovative solutions and services to customers worldwide.",8.9643,-6.244,3,"{""Insurance"": 0.8, ""Capital Markets"": 0.74, ""Payment Processing"": 0.55}"
State Street,10089,0840984409,2021,Financials,496.68,"[""Payment Processing"", ""Insurance"", ""Asset Management"", ""Banking""]","Payment Processing, Insurance, Asset Management","The Company is engaged in payment processing, insurance, asset management. It provides innovative solutions and services to customers worldwide.",7.0973,-8.0337,4,"{""Payment Processing"": 0.6, ""Insurance"": 0.78, ""Asset Management"": 0.61, ""Banking"": 0.76}"
State Street,10089,0840984409,2022,Financials,553.37,"[""Payment Processing"", ""Insurance"", ""Asset Management"", ""Banking""]","Payment Processing, Insurance, Asset Management","The Company is engaged in payment processing, insurance, asset management. It provides innovative solutions and services to customers worldwide.",7.9634,-8.4106,4,"{""Payment Processing"": 0.71, ""Insurance"": 0.66, ""Asset Management"": 0.66, ""Banking"": 0.86}"
State Street,10089,0840984409,2023,Financials,535.08,"[""Payment Processing"", ""Insurance"", ""Asset Management"", ""Banking""]","Payment Processing, Insurance, Asset Management","The Company is engaged in payment processing, insurance, asset management. It provides innovative solutions and services to customers worldwide.",7.101,-8.9199,4,"{""Payment Processing"": 0.71, ""Insurance"": 0.72, ""Asset Management"": 0.88, ""Banking"": 0.6}"
State Street,10089,0840984409,2024,Financials,596.47,"[""Payment Processing"", ""Insurance"", ""Asset Management"", ""Banking""]","Payment Processing, Insurance, Asset Management","The Company is engaged in payment processing, insurance, asset management. It provides innovative solutions and services to customers worldwide.",8.0612,-9.2905,4,"{""Payment Processing"": 0.67, ""Insurance"": 0.71, ""Asset Management"": 0.64, ""Banking"": 0.92}"
State Street,10089,0840984409,2025,Financials,570.54,"[""Payment Processing"", ""Insurance"", ""Asset Management"", ""Banking""]","Payment Processing, Insurance, Asset Management","The Company is engaged in payment processing, insurance, asset management. It provides innovative solutions and services to customers worldwide.",8.33,-7.7247,4,"{""Payment Processing"": 0.71, ""Insurance"": 0.68, ""Asset Management"": 0.57, ""Banking"": 0.8}"
S&P Global,10090,0452658819,2021,Financials,384.02,"[""Asset Management"", ""Banking"", ""Payment Processing""]","Asset Management, Banking, Payment Processing","The Company is engaged in asset management, banking, payment processing. It provides innovative solutions and services to customers worldwide.",5.9377,-7.4072,3,"{""Asset Management"": 0.87, ""Banking"": 0.78, ""Payment Processing"": 0.67}"
S&P Global,10090,0452658819,2022,Financials,392.08,"[""Asset Management"", ""Banking"", ""Payment Processing""]","Asset Management, Banking, Payment Processing","The Company is engaged in asset management, banking, payment processing. It provides innovative solutions and services to customers worldwide.",5.5655,-7.6383,3,"{""Asset Management"": 0.69, ""Banking"": 0.8, ""Payment Processing"": 0.8}"
S&P Global,10090,0452658819,2023,Financials,386.73,"[""Asset Management"", ""Banking"", ""Payment Processing""]","Asset Management, Banking, Payment Processing","The Company is engaged in asset management, banking, payment processing. It provides innovative solutions and services to customers worldwide.",5.4331,-8.1818,3,"{""Asset Management"": 0.57, ""Banking"": 0.87, ""Payment Processing"": 0.52}"
S&P Global,10090,0452658819,2024,Financials,435.4,"[""Asset Management"", ""Banking"", ""Payment Processing""]","Asset Management, Banking, Payment Processing","The Company is engaged in asset management, banking, payment processing. It provides innovative solutions and services to customers worldwide.",4.4732,-8.4156,3,"{""Asset Management"": 0.75, ""Banking"": 0.6, ""Payment Processing"": 0.73}"
S&P Global,10090,0452658819,2025,Financials,494.99,"[""Asset Management"", ""Banking"", ""Payment Processing""]","Asset Management, Banking, Payment Processing","The Company is engaged in asset management, banking, payment processing. It provides innovative solutions and services to customers worldwide.",4.7561,-8.6203,3,"{""Asset Management"": 0.91, ""Banking"": 0.79, ""Payment Processing"": 0.78}"
Moody's,10091,0758034658,2021,Financials,70.94,"[""Payment Processing"", ""Insurance"", ""Banking""]","Payment Processing, Insurance, Banking","The Company is engaged in payment processing, insurance, banking. It provides innovative solutions and services to customers worldwide.",8.893,-8.3296,3,"{""Payment Processing"": 0.67, ""Insurance"": 0.91, ""Banking"": 0.61}"
Moody's,10091,0758034658,2022,Financials,74.68,"[""Payment Processing"", ""Insurance"", ""Banking""]","Payment Processing, Insurance, Banking","The Company is engaged in payment processing, insurance, banking. It provides innovative solutions and services to customers worldwide.",8.8478,-7.3544,3,"{""Payment Processing"": 0.64, ""Insurance"": 0.76, ""Banking"": 0.65}"
Moody's,10091,0758034658,2023,Financials,81.83,"[""Payment Processing"", ""Insurance"", ""Banking""]","Payment Processing, Insurance, Banking","The Company is engaged in payment processing, insurance, banking. It provides innovative solutions and services to customers worldwide.",8.7722,-7.0188,3,"{""Payment Processing"": 0.66, ""Insurance"": 0.8, ""Banking"": 0.86}"
Moody's,10091,0758034658,2024,Financials,90.56,"[""Payment Processing"", ""Insurance"", ""Banking""]","Payment Processing, Insurance, Banking","The Company is engaged in payment processing, insurance, banking. It provides innovative solutions and services to customers worldwide.",8.6686,-6.5549,3,"{""Payment Processing"": 0.62, ""Insurance"": 0.95, ""Banking"": 0.51}"
Moody's,10091,0758034658,2025,Financials,98.49,"[""Payment Processing"", ""Insurance"", ""Banking""]","Payment Processing, Insurance, Banking","The Company is engaged in payment processing, insurance, banking. It provides innovative solutions and services to customers worldwide.",9.9882,-5.6984,3,"{""Payment Processing"": 0.55, ""Insurance"": 0.92, ""Banking"": 0.58}"
Intercontinental Exchange,10092,0627221842,2021,Financials,581.0,"[""Banking"", ""Asset Management""]","Banking, Asset Management","The Company is engaged in banking, asset management. It provides innovative solutions and services to customers worldwide.",5.529,-3.9636,2,"{""Banking"": 0.65, ""Asset Management"": 0.86}"
Intercontinental Exchange,10092,0627221842,2022,Financials,579.25,"[""Banking"", ""Asset Management""]","Banking, Asset Management","The Company is engaged in banking, asset management. It provides innovative solutions and services to customers worldwide.",5.0656,-4.1436,2,"{""Banking"": 0.87, ""Asset Management"": 0.93}"
Intercontinental Exchange,10092,0627221842,2023,Financials,582.72,"[""Banking"", ""Asset Management""]","Banking, Asset Management","The Company is engaged in banking, asset management. It provides innovative solutions and services to customers worldwide.",4.2028,-4.8595,2,"{""Banking"": 0.62, ""Asset Management"": 0.52}"
Intercontinental Exchange,10092,0627221842,2024,Financials,653.57,"[""Banking"", ""Asset Management""]","Banking, Asset Management","The Company is engaged in banking, asset management. It provides innovative solutions and services to customers worldwide.",4.0762,-4.8802,2,"{""Banking"": 0.83, ""Asset Management"": 0.93}"
Intercontinental Exchange,10092,0627221842,2025,Financials,653.29,"[""Banking"", ""Asset Management""]","Banking, Asset Management","The Company is engaged in banking, asset management. It provides innovative solutions and services to customers worldwide.",3.5231,-4.0441,2,"{""Banking"": 0.81, ""Asset Management"": 0.66}"
CME Group,10093,0384391299,2021,Financials,574.54,"[""Capital Markets"", ""Banking"", ""Payment Processing""]","Capital Markets, Banking, Payment Processing","The Company is engaged in capital markets, banking, payment processing. It provides innovative solutions and services to customers worldwide.",5.9938,-7.6253,3,"{""Capital Markets"": 0.6, ""Banking"": 0.64, ""Payment Processing"": 0.62}"
CME Group,10093,0384391299,2022,Financials,577.96,"[""Capital Markets"", ""Banking"", ""Payment Processing""]","Capital Markets, Banking, Payment Processing","The Company is engaged in capital markets, banking, payment processing. It provides innovative solutions and services to customers worldwide.",4.8403,-6.9394,3,"{""Capital Markets"": 0.65, ""Banking"": 0.8, ""Payment Processing"": 0.89}"
CME Group,10093,0384391299,2023,Financials,605.05,"[""Capital Markets"", ""Banking"", ""Payment Processing""]","Capital Markets, Banking, Payment Processing","The Company is engaged in capital markets, banking, payment processing. It provides innovative solutions and services to customers worldwide.",5.4839,-6.2066,3,"{""Capital Markets"": 0.81, ""Banking"": 0.75, ""Payment Processing"": 0.6}"
CME Group,10093,0384391299,2024,Financials,685.01,"[""Capital Markets"", ""Banking"", ""Payment Processing""]","Capital Markets, Banking, Payment Processing","The Company is engaged in capital markets, banking, payment processing. It provides innovative solutions and services to customers worldwide.",4.9487,-6.9726,3,"{""Capital Markets"": 0.75, ""Banking"": 0.83, ""Payment Processing"": 0.66}"
CME Group,10093,0384391299,2025,Financials,674.23,"[""Capital Markets"", ""Banking"", ""Payment Processing""]","Capital Markets, Banking, Payment Processing","The Company is engaged in capital markets, banking, payment processing. It provides innovative solutions and services to customers worldwide.",4.157,-7.1677,3,"{""Capital Markets"": 0.87, ""Banking"": 0.76, ""Payment Processing"": 0.65}"
Cboe Global,10094,0326994209,2021,Financials,139.0,"[""Banking"", ""Insurance"", ""Asset Management""]","Banking, Insurance, Asset Management","The Company is engaged in banking, insurance, asset management. It provides innovative solutions and services to customers worldwide.",5.7366,-8.3572,3,"{""Banking"": 0.87, ""Insurance"": 0.68, ""Asset Management"": 0.57}"
Cboe Global,10094,0326994209,2022,Financials,150.72,"[""Banking"", ""Insurance"", ""Asset Management""]","Banking, Insurance, Asset Management","The Company is engaged in banking, insurance, asset management. It provides innovative solutions and services to customers worldwide.",5.1124,-7.2927,3,"{""Banking"": 0.62, ""Insurance"": 0.54, ""Asset Management"": 0.95}"
Cboe Global,10094,0326994209,2023,Financials,169.29,"[""Banking"", ""Insurance"", ""Asset Management""]","Banking, Insurance, Asset Management","The Company is engaged in banking, insurance, asset management. It provides innovative solutions and services to customers worldwide.",5.8268,-5.829,3,"{""Banking"": 0.63, ""Insurance"": 0.71, ""Asset Management"": 0.78}"
Cboe Global,10094,0326994209,2024,Financials,172.01,"[""Banking"", ""Insurance"", ""Asset Management""]","Banking, Insurance, Asset Management","The Company is engaged in banking, insurance, asset management. It provides innovative solutions and services to customers worldwide.",4.5988,-7.3331,3,"{""Banking"": 0.75, ""Insurance"": 0.88, ""Asset Management"": 0.59}"
Cboe Global,10094,0326994209,2025,Financials,191.73,"[""Banking"", ""Insurance"", ""Asset Management""]","Banking, Insurance, Asset Management","The Company is engaged in banking, insurance, asset management. It provides innovative solutions and services to customers worldwide.",4.7469,-6.9927,3,"{""Banking"": 0.75, ""Insurance"": 0.85, ""Asset Management"": 0.51}"
Nasdaq,10095,0393691697,2021,Financials,177.28,"[""Asset Management"", ""Payment Processing""]","Asset Management, Payment Processing","The Company is engaged in asset management, payment processing. It provides innovative solutions and services to customers worldwide.",8.7325,-6.8784,2,"{""Asset Management"": 0.77, ""Payment Processing"": 0.77}"
Nasdaq,10095,0393691697,2022,Financials,183.63,"[""Asset Management"", ""Payment Processing""]","Asset Management, Payment Processing","The Company is engaged in asset management, payment processing. It provides innovative solutions and services to customers worldwide.",9.321,-5.453,2,"{""Asset Management"": 0.62, ""Payment Processing"": 0.85}"
Nasdaq,10095,0393691697,2023,Financials,183.02,"[""Asset Management"", ""Payment Processing""]","Asset Management, Payment Processing","The Company is engaged in asset management, payment processing. It provides innovative solutions and services to customers worldwide.",9.9041,-6.2828,2,"{""Asset Management"": 0.78, ""Payment Processing"": 0.84}"
Nasdaq,10095,0393691697,2024,Financials,204.96,"[""Asset Management"", ""Payment Processing""]","Asset Management, Payment Processing","The Company is engaged in asset management, payment processing. It provides innovative solutions and services to customers worldwide.",10.1311,-7.0731,2,"{""Asset Management"": 0.52, ""Payment Processing"": 0.83}"
Nasdaq,10095,0393691697,2025,Financials,232.79,"[""Asset Management"", ""Payment Processing""]","Asset Management, Payment Processing","The Company is engaged in asset management, payment processing. It provides innovative solutions and services to customers worldwide.",9.9022,-8.765,2,"{""Asset Management"": 0.65, ""Payment Processing"": 0.71}"
FactSet,10096,0158765512,2021,Financials,390.52,"[""Banking"", ""Capital Markets""]","Banking, Capital Markets","The Company is engaged in banking, capital markets. It provides innovative solutions and services to customers worldwide.",8.8449,-3.9427,2,"{""Banking"": 0.86, ""Capital Markets"": 0.77}"
FactSet,10096,0158765512,2022,Financials,436.58,"[""Banking"", ""Capital Markets""]","Banking, Capital Markets","The Company is engaged in banking, capital markets. It provides innovative solutions and services to customers worldwide.",9.4184,-5.6281,2,"{""Banking"": 0.56, ""Capital Markets"": 0.86}"
FactSet,10096,0158765512,2023,Financials,501.58,"[""Banking"", ""Capital Markets""]","Banking, Capital Markets","The Company is engaged in banking, capital markets. It provides innovative solutions and services to customers worldwide.",10.1233,-5.0666,2,"{""Banking"": 0.77, ""Capital Markets"": 0.64}"
FactSet,10096,0158765512,2024,Financials,534.81,"[""Banking"", ""Capital Markets""]","Banking, Capital Markets","The Company is engaged in banking, capital markets. It provides innovative solutions and services to customers worldwide.",10.4223,-4.185,2,"{""Banking"": 0.61, ""Capital Markets"": 0.84}"
FactSet,10096,0158765512,2025,Financials,555.38,"[""Banking"", ""Capital Markets""]","Banking, Capital Markets","The Company is engaged in banking, capital markets. It provides innovative solutions and services to customers worldwide.",9.7805,-4.4853,2,"{""Banking"": 0.52, ""Capital Markets"": 0.81}"
MSCI,10097,0755865168,2021,Financials,407.15,"[""Banking"", ""Payment Processing"", ""Asset Management""]","Banking, Payment Processing, Asset Management","The Company is engaged in banking, payment processing, asset management. It provides innovative solutions and services to customers worldwide.",5.3133,-6.7411,3,"{""Banking"": 0.63, ""Payment Processing"": 0.9, ""Asset Management"": 0.51}"
MSCI,10097,0755865168,2022,Financials,398.86,"[""Banking"", ""Payment Processing"", ""Asset Management""]","Banking, Payment Processing, Asset Management","The Company is engaged in banking, payment processing, asset management. It provides innovative solutions and services to customers worldwide.",5.7804,-8.2647,3,"{""Banking"": 0.54, ""Payment Processing"": 0.87, ""Asset Management"": 0.9}"
MSCI,10097,0755865168,2023,Financials,409.55,"[""Banking"", ""Payment Processing"", ""Asset Management""]","Banking, Payment Processing, Asset Management","The Company is engaged in banking, payment processing, asset management. It provides innovative solutions and services to customers worldwide.",6.8462,-8.0834,3,"{""Banking"": 0.8, ""Payment Processing"": 0.94, ""Asset Management"": 0.6}"
MSCI,10097,0755865168,2024,Financials,400.38,"[""Banking"", ""Payment Processing"", ""Asset Management""]","Banking, Payment Processing, Asset Management","The Company is engaged in banking, payment processing, asset management. It provides innovative solutions and services to customers worldwide.",6.4971,-10.0097,3,"{""Banking"": 0.54, ""Payment Processing"": 0.87, ""Asset Management"": 0.94}"
MSCI,10097,0755865168,2025,Financials,385.63,"[""Banking"", ""Payment Processing"", ""Asset Management""]","Banking, Payment Processing, Asset Management","The Company is engaged in banking, payment processing, asset management. It provides innovative solutions and services to customers worldwide.",5.8605,-10.1568,3,"{""Banking"": 0.9, ""Payment Processing"": 0.71, ""Asset Management"": 0.64}"
Franklin Resources,10098,0339418478,2021,Financials,221.47,"[""Banking"", ""Insurance"", ""Asset Management""]","Banking, Insurance, Asset Management","The Company is engaged in banking, insurance, asset management. It provides innovative solutions and services to customers worldwide.",8.2579,-8.5461,3,"{""Banking"": 0.89, ""Insurance"": 0.72, ""Asset Management"": 0.83}"
Franklin Resources,10098,0339418478,2022,Financials,211.53,"[""Banking"", ""Insurance"", ""Asset Management""]","Banking, Insurance, Asset Management","The Company is engaged in banking, insurance, asset management. It provides innovative solutions and services to customers worldwide.",7.3124,-8.1865,3,"{""Banking"": 0.63, ""Insurance"": 0.7, ""Asset Management"": 0.78}"
Franklin Resources,10098,0339418478,2023,Financials,206.27,"[""Banking"", ""Insurance"", ""Asset Management""]","Banking, Insurance, Asset Management","The Company is engaged in banking, insurance, asset management. It provides innovative solutions and services to customers worldwide.",7.0232,-7.8534,3,"{""Banking"": 0.93, ""Insurance"": 0.55, ""Asset Management"": 0.72}"
Franklin Resources,10098,0339418478,2024,Financials,199.5,"[""Banking"", ""Insurance"", ""Asset Management""]","Banking, Insurance, Asset Management","The Company is engaged in banking, insurance, asset management. It provides innovative solutions and services to customers worldwide.",7.9207,-5.9974,3,"{""Banking"": 0.53, ""Insurance"": 0.55, ""Asset Management"": 0.76}"
Franklin Resources,10098,0339418478,2025,Financials,214.98,"[""Banking"", ""Insurance"", ""Asset Management""]","Banking, Insurance, Asset Management","The Company is engaged in banking, insurance, asset management. It provides innovative solutions and services to customers worldwide.",6.6815,-5.791,3,"{""Banking"": 0.87, ""Insurance"": 0.52, ""Asset Management"": 0.72}"
Exxon Mobil,10099,0913082047,2021,Energy,224.17,"[""Midstream"", ""Renewable Energy"", ""Oilfield Services""]","Midstream, Renewable Energy, Oilfield Services","The Company is engaged in midstream, renewable energy, oilfield services. It provides innovative solutions and services to customers worldwide.",-5.72,-9.7615,3,"{""Midstream"": 0.75, ""Renewable Energy"": 0.66, ""Oilfield Services"": 0.91}"
Exxon Mobil,10099,0913082047,2022,Energy,243.25,"[""Midstream"", ""Renewable Energy"", ""Oilfield Services""]","Midstream, Renewable Energy, Oilfield Services","The Company is engaged in midstream, renewable energy, oilfield services. It provides innovative solutions and services to customers worldwide.",-6.5411,-8.7775,3,"{""Midstream"": 0.68, ""Renewable Energy"": 0.84, ""Oilfield Services"": 0.7}"
Exxon Mobil,10099,0913082047,2023,Energy,243.29,"[""Midstream"", ""Renewable Energy"", ""Oilfield Services""]","Midstream, Renewable Energy, Oilfield Services","The Company is engaged in midstream, renewable energy, oilfield services. It provides innovative solutions and services to customers worldwide.",-5.998,-8.8871,3,"{""Midstream"": 0.55, ""Renewable Energy"": 0.76, ""Oilfield Services"": 0.94}"
Exxon Mobil,10099,0913082047,2024,Energy,247.64,"[""Midstream"", ""Renewable Energy"", ""Oilfield Services""]","Midstream, Renewable Energy, Oilfield Services","The Company is engaged in midstream, renewable energy, oilfield services. It provides innovative solutions and services to customers worldwide.",-6.473,-9.0196,3,"{""Midstream"": 0.73, ""Renewable Energy"": 0.57, ""Oilfield Services"": 0.8}"
Exxon Mobil,10099,0913082047,2025,Energy,240.96,"[""Midstream"", ""Renewable Energy"", ""Oilfield Services""]","Midstream, Renewable Energy, Oilfield Services","The Company is engaged in midstream, renewable energy, oilfield services. It provides innovative solutions and services to customers worldwide.",-7.3957,-10.3695,3,"{""Midstream"": 0.9, ""Renewable Energy"": 0.69, ""Oilfield Services"": 0.67}"
Chevron,10100,0785864494,2021,Energy,317.55,"[""Oil & Gas Exploration"", ""Renewable Energy"", ""Oilfield Services""]","Oil & Gas Exploration, Renewable Energy, Oilfield Services","The Company is engaged in oil & gas exploration, renewable energy, oilfield services. It provides innovative solutions and services to customers worldwide.",-5.0194,-7.3802,3,"{""Oil & Gas Exploration"": 0.56, ""Renewable Energy"": 0.68, ""Oilfield Services"": 0.57}"
Chevron,10100,0785864494,2022,Energy,305.39,"[""Oil & Gas Exploration"", ""Renewable Energy"", ""Oilfield Services""]","Oil & Gas Exploration, Renewable Energy, Oilfield Services","The Company is engaged in oil & gas exploration, renewable energy, oilfield services. It provides innovative solutions and services to customers worldwide.",-5.6917,-6.8391,3,"{""Oil & Gas Exploration"": 0.75, ""Renewable Energy"": 0.77, ""Oilfield Services"": 0.89}"
Chevron,10100,0785864494,2023,Energy,339.17,"[""Oil & Gas Exploration"", ""Renewable Energy"", ""Oilfield Services""]","Oil & Gas Exploration, Renewable Energy, Oilfield Services","The Company is engaged in oil & gas exploration, renewable energy, oilfield services. It provides innovative solutions and services to customers worldwide.",-7.1685,-6.1033,3,"{""Oil & Gas Exploration"": 0.74, ""Renewable Energy"": 0.54, ""Oilfield Services"": 0.75}"
Chevron,10100,0785864494,2024,Energy,342.31,"[""Oil & Gas Exploration"", ""Renewable Energy"", ""Oilfield Services""]","Oil & Gas Exploration, Renewable Energy, Oilfield Services","The Company is engaged in oil & gas exploration, renewable energy, oilfield services. It provides innovative solutions and services to customers worldwide.",-7.332,-5.4602,3,"{""Oil & Gas Exploration"": 0.56, ""Renewable Energy"": 0.57, ""Oilfield Services"": 0.69}"
Chevron,10100,0785864494,2025,Energy,389.52,"[""Oil & Gas Exploration"", ""Renewable Energy"", ""Oilfield Services""]","Oil & Gas Exploration, Renewable Energy, Oilfield Services","The Company is engaged in oil & gas exploration, renewable energy, oilfield services. It provides innovative solutions and services to customers worldwide.",-7.937,-5.3221,3,"{""Oil & Gas Exploration"": 0.84, ""Renewable Energy"": 0.76, ""Oilfield Services"": 0.87}"
ConocoPhillips,10101,0444399517,2021,Energy,178.23,"[""Oil & Gas Exploration"", ""Renewable Energy"", ""Refining""]","Oil & Gas Exploration, Renewable Energy, Refining","The Company is engaged in oil & gas exploration, renewable energy, refining. It provides innovative solutions and services to customers worldwide.",-6.426,-11.5466,3,"{""Oil & Gas Exploration"": 0.72, ""Renewable Energy"": 0.86, ""Refining"": 0.93}"
ConocoPhillips,10101,0444399517,2022,Energy,185.0,"[""Oil & Gas Exploration"", ""Renewable Energy"", ""Refining""]","Oil & Gas Exploration, Renewable Energy, Refining","The Company is engaged in oil & gas exploration, renewable energy, refining. It provides innovative solutions and services to customers worldwide.",-6.966,-11.8691,3,"{""Oil & Gas Exploration"": 0.79, ""Renewable Energy"": 0.67, ""Refining"": 0.52}"
ConocoPhillips,10101,0444399517,2023,Energy,189.93,"[""Oil & Gas Exploration"", ""Renewable Energy"", ""Refining""]","Oil & Gas Exploration, Renewable Energy, Refining","The Company is engaged in oil & gas exploration, renewable energy, refining. It provides innovative solutions and services to customers worldwide.",-6.2934,-11.7028,3,"{""Oil & Gas Exploration"": 0.6, ""Renewable Energy"": 0.7, ""Refining"": 0.52}"
ConocoPhillips,10101,0444399517,2024,Energy,202.77,"[""Oil & Gas Exploration"", ""Renewable Energy"", ""Refining""]","Oil & Gas Exploration, Renewable Energy, Refining","The Company is engaged in oil & gas exploration, renewable energy, refining. It provides innovative solutions and services to customers worldwide.",-5.9527,-11.3683,3,"{""Oil & Gas Exploration"": 0.66, ""Renewable Energy"": 0.86, ""Refining"": 0.75}"
ConocoPhillips,10101,0444399517,2025,Energy,224.44,"[""Oil & Gas Exploration"", ""Renewable Energy"", ""Refining""]","Oil & Gas Exploration, Renewable Energy, Refining","The Company is engaged in oil & gas exploration, renewable energy, refining. It provides innovative solutions and services to customers worldwide.",-5.5973,-10.4872,3,"{""Oil & Gas Exploration"": 0.77, ""Renewable Energy"": 0.69, ""Refining"": 0.93}"
Schlumberger,10102,0276582541,2021,Energy,86.36,"[""Renewable Energy"", ""Midstream"", ""Refining"", ""Oilfield Services""]","Renewable Energy, Midstream, Refining","The Company is engaged in renewable energy, midstream, refining. It provides innovative solutions and services to customers worldwide.",-5.522,-6.945,4,"{""Renewable Energy"": 0.56, ""Midstream"": 0.83, ""Refining"": 0.61, ""Oilfield Services"": 0.77}"
Schlumberger,10102,0276582541,2022,Energy,98.49,"[""Renewable Energy"", ""Midstream"", ""Refining"", ""Oilfield Services""]","Renewable Energy, Midstream, Refining","The Company is engaged in renewable energy, midstream, refining. It provides innovative solutions and services to customers worldwide.",-4.6978,-7.2119,4,"{""Renewable Energy"": 0.9, ""Midstream"": 0.62, ""Refining"": 0.59, ""Oilfield Services"": 0.71}"
Schlumberger,10102,0276582541,2023,Energy,113.16,"[""Renewable Energy"", ""Midstream"", ""Refining"", ""Oilfield Services""]","Renewable Energy, Midstream, Refining","The Company is engaged in renewable energy, midstream, refining. It provides innovative solutions and services to customers worldwide.",-3.8534,-5.0113,4,"{""Renewable Energy"": 0.59, ""Midstream"": 0.62, ""Refining"": 0.55, ""Oilfield Services"": 0.91}"
Schlumberger,10102,0276582541,2024,Energy,127.93,"[""Renewable Energy"", ""Midstream"", ""Refining"", ""Oilfield Services""]","Renewable Energy, Midstream, Refining","The Company is engaged in renewable energy, midstream, refining. It provides innovative solutions and services to customers worldwide.",-3.3667,-4.5918,4,"{""Renewable Energy"": 0.74, ""Midstream"": 0.7, ""Refining"": 0.65, ""Oilfield Services"": 0.77}"
Schlumberger,10102,0276582541,2025,Energy,145.51,"[""Renewable Energy"", ""Midstream"", ""Refining"", ""Oilfield Services""]","Renewable Energy, Midstream, Refining","The Company is engaged in renewable energy, midstream, refining. It provides innovative solutions and services to customers worldwide.",-5.0186,-6.1512,4,"{""Renewable Energy"": 0.94, ""Midstream"": 0.86, ""Refining"": 0.84, ""Oilfield Services"": 0.81}"
Halliburton,10103,0813286051,2021,Energy,197.72,"[""Midstream"", ""Refining"", ""Oil & Gas Exploration"", ""Renewable Energy""]","Midstream, Refining, Oil & Gas Exploration","The Company is engaged in midstream, refining, oil & gas exploration. It provides innovative solutions and services to customers worldwide.",-3.8763,-10.0093,4,"{""Midstream"": 0.51, ""Refining"": 0.94, ""Oil & Gas Exploration"": 0.52, ""Renewable Energy"": 0.94}"
Halliburton,10103,0813286051,2022,Energy,192.37,"[""Midstream"", ""Refining"", ""Oil & Gas Exploration"", ""Renewable Energy""]","Midstream, Refining, Oil & Gas Exploration","The Company is engaged in midstream, refining, oil & gas exploration. It provides innovative solutions and services to customers worldwide.",-3.4531,-9.9637,4,"{""Midstream"": 0.72, ""Refining"": 0.58, ""Oil & Gas Exploration"": 0.52, ""Renewable Energy"": 0.78}"
Halliburton,10103,0813286051,2023,Energy,187.07,"[""Midstream"", ""Refining"", ""Oil & Gas Exploration"", ""Renewable Energy""]","Midstream, Refining, Oil & Gas Exploration","The Company is engaged in midstream, refining, oil & gas exploration. It provides innovative solutions and services to customers worldwide.",-3.1298,-11.0408,4,"{""Midstream"": 0.65, ""Refining"": 0.85, ""Oil & Gas Exploration"": 0.7, ""Renewable Energy"": 0.78}"
Halliburton,10103,0813286051,2024,Energy,189.88,"[""Midstream"", ""Refining"", ""Oil & Gas Exploration"", ""Renewable Energy""]","Midstream, Refining, Oil & Gas Exploration","The Company is engaged in midstream, refining, oil & gas exploration. It provides innovative solutions and services to customers worldwide.",-2.3377,-10.701,4,"{""Midstream"": 0.81, ""Refining"": 0.93, ""Oil & Gas Exploration"": 0.83, ""Renewable Energy"": 0.72}"
Halliburton,10103,0813286051,2025,Energy,203.63,"[""Midstream"", ""Refining"", ""Oil & Gas Exploration"", ""Renewable Energy""]","Midstream, Refining, Oil & Gas Exploration","The Company is engaged in midstream, refining, oil & gas exploration. It provides innovative solutions and services to customers worldwide.",-1.245,-10.1051,4,"{""Midstream"": 0.51, ""Refining"": 0.59, ""Oil & Gas Exploration"": 0.86, ""Renewable Energy"": 0.62}"
NextEra Energy,10104,0436552634,2021,Energy,207.06,"[""Renewable Energy"", ""Oilfield Services"", ""Refining"", ""Oil & Gas Exploration""]","Renewable Energy, Oilfield Services, Refining","The Company is engaged in renewable energy, oilfield services, refining. It provides innovative solutions and services to customers worldwide.",-6.3282,-5.1145,4,"{""Renewable Energy"": 0.85, ""Oilfield Services"": 0.95, ""Refining"": 0.5, ""Oil & Gas Exploration"": 0.83}"
NextEra Energy,10104,0436552634,2022,Energy,201.99,"[""Renewable Energy"", ""Oilfield Services"", ""Refining"", ""Oil & Gas Exploration""]","Renewable Energy, Oilfield Services, Refining","The Company is engaged in renewable energy, oilfield services, refining. It provides innovative solutions and services to customers worldwide.",-7.7122,-3.6079,4,"{""Renewable Energy"": 0.68, ""Oilfield Services"": 0.66, ""Refining"": 0.64, ""Oil & Gas Exploration"": 0.83}"
NextEra Energy,10104,0436552634,2023,Energy,229.82,"[""Renewable Energy"", ""Oilfield Services"", ""Refining"", ""Oil & Gas Exploration""]","Renewable Energy, Oilfield Services, Refining","The Company is engaged in renewable energy, oilfield services, refining. It provides innovative solutions and services to customers worldwide.",-7.1238,-2.2811,4,"{""Renewable Energy"": 0.66, ""Oilfield Services"": 0.61, ""Refining"": 0.8, ""Oil & Gas Exploration"": 0.59}"
NextEra Energy,10104,0436552634,2024,Energy,221.5,"[""Renewable Energy"", ""Oilfield Services"", ""Refining"", ""Oil & Gas Exploration""]","Renewable Energy, Oilfield Services, Refining","The Company is engaged in renewable energy, oilfield services, refining. It provides innovative solutions and services to customers worldwide.",-7.9744,-2.8525,4,"{""Renewable Energy"": 0.87, ""Oilfield Services"": 0.61, ""Refining"": 0.71, ""Oil & Gas Exploration"": 0.52}"
NextEra Energy,10104,0436552634,2025,Energy,243.42,"[""Renewable Energy"", ""Oilfield Services"", ""Refining"", ""Oil & Gas Exploration""]","Renewable Energy, Oilfield Services, Refining","The Company is engaged in renewable energy, oilfield services, refining. It provides innovative solutions and services to customers worldwide.",-8.8084,-1.8713,4,"{""Renewable Energy"": 0.69, ""Oilfield Services"": 0.59, ""Refining"": 0.73, ""Oil & Gas Exploration"": 0.56}"
Duke Energy,10105,0918359472,2021,Energy,71.86,"[""Renewable Energy"", ""Refining""]","Renewable Energy, Refining","The Company is engaged in renewable energy, refining. It provides innovative solutions and services to customers worldwide.",-5.5666,-9.1623,2,"{""Renewable Energy"": 0.76, ""Refining"": 0.92}"
Duke Energy,10105,0918359472,2022,Energy,69.58,"[""Renewable Energy"", ""Refining""]","Renewable Energy, Refining","The Company is engaged in renewable energy, refining. It provides innovative solutions and services to customers worldwide.",-5.6571,-10.2017,2,"{""Renewable Energy"": 0.78, ""Refining"": 0.75}"
Duke Energy,10105,0918359472,2023,Energy,78.58,"[""Renewable Energy"", ""Refining""]","Renewable Energy, Refining","The Company is engaged in renewable energy, refining. It provides innovative solutions and services to customers worldwide.",-5.1936,-12.2103,2,"{""Renewable Energy"": 0.59, ""Refining"": 0.51}"
Duke Energy,10105,0918359472,2024,Energy,88.64,"[""Renewable Energy"", ""Refining""]","Renewable Energy, Refining","The Company is engaged in renewable energy, refining. It provides innovative solutions and services to customers worldwide.",-5.0103,-11.3509,2,"{""Renewable Energy"": 0.77, ""Refining"": 0.86}"
Duke Energy,10105,0918359472,2025,Energy,100.4,"[""Renewable Energy"", ""Refining""]","Renewable Energy, Refining","The Company is engaged in renewable energy, refining. It provides innovative solutions and services to customers worldwide.",-3.7633,-11.7019,2,"{""Renewable Energy"": 0.76, ""Refining"": 0.58}"
Southern Company,10106,0180735137,2021,Energy,105.27,"[""Midstream"", ""Renewable Energy"", ""Oil & Gas Exploration"", ""Oilfield Services""]","Midstream, Renewable Energy, Oil & Gas Exploration","The Company is engaged in midstream, renewable energy, oil & gas exploration. It provides innovative solutions and services to customers worldwide.",-5.6726,-8.102,4,"{""Midstream"": 0.51, ""Renewable Energy"": 0.66, ""Oil & Gas Exploration"": 0.77, ""Oilfield Services"": 0.67}"
Southern Company,10106,0180735137,2022,Energy,106.19,"[""Midstream"", ""Renewable Energy"", ""Oil & Gas Exploration"", ""Oilfield Services""]","Midstream, Renewable Energy, Oil & Gas Exploration","The Company is engaged in midstream, renewable energy, oil & gas exploration. It provides innovative solutions and services to customers worldwide.",-6.003,-7.4739,4,"{""Midstream"": 0.62, ""Renewable Energy"": 0.65, ""Oil & Gas Exploration"": 0.75, ""Oilfield Services"": 0.82}"
Southern Company,10106,0180735137,2023,Energy,119.7,"[""Midstream"", ""Renewable Energy"", ""Oil & Gas Exploration"", ""Oilfield Services""]","Midstream, Renewable Energy, Oil & Gas Exploration","The Company is engaged in midstream, renewable energy, oil & gas exploration. It provides innovative solutions and services to customers worldwide.",-5.1514,-7.024,4,"{""Midstream"": 0.87, ""Renewable Energy"": 0.51, ""Oil & Gas Exploration"": 0.83, ""Oilfield Services"": 0.59}"
Southern Company,10106,0180735137,2024,Energy,121.36,"[""Midstream"", ""Renewable Energy"", ""Oil & Gas Exploration"", ""Oilfield Services""]","Midstream, Renewable Energy, Oil & Gas Exploration","The Company is engaged in midstream, renewable energy, oil & gas exploration. It provides innovative solutions and services to customers worldwide.",-4.8733,-7.7612,4,"{""Midstream"": 0.53, ""Renewable Energy"": 0.56, ""Oil & Gas Exploration"": 0.5, ""Oilfield Services"": 0.91}"
Southern Company,10106,0180735137,2025,Energy,137.43,"[""Midstream"", ""Renewable Energy"", ""Oil & Gas Exploration"", ""Oilfield Services""]","Midstream, Renewable Energy, Oil & Gas Exploration","The Company is engaged in midstream, renewable energy, oil & gas exploration. It provides innovative solutions and services to customers worldwide.",-6.3239,-8.6081,4,"{""Midstream"": 0.52, ""Renewable Energy"": 0.73, ""Oil & Gas Exploration"": 0.81, ""Oilfield Services"": 0.92}"
Marathon Petroleum,10107,0616990566,2021,Energy,535.03,"[""Midstream"", ""Refining"", ""Oil & Gas Exploration"", ""Renewable Energy""]","Midstream, Refining, Oil & Gas Exploration","The Company is engaged in midstream, refining, oil & gas exploration. It provides innovative solutions and services to customers worldwide.",-6.4152,-8.9159,4,"{""Midstream"": 0.67, ""Refining"": 0.57, ""Oil & Gas Exploration"": 0.59, ""Renewable Energy"": 0.64}"
Marathon Petroleum,10107,0616990566,2022,Energy,509.01,"[""Midstream"", ""Refining"", ""Oil & Gas Exploration"", ""Renewable Energy""]","Midstream, Refining, Oil & Gas Exploration","The Company is engaged in midstream, refining, oil & gas exploration. It provides innovative solutions and services to customers worldwide.",-7.4106,-7.5844,4,"{""Midstream"": 0.74, ""Refining"": 0.91, ""Oil & Gas Exploration"": 0.87, ""Renewable Energy"": 0.87}"
Marathon Petroleum,10107,0616990566,2023,Energy,561.46,"[""Midstream"", ""Refining"", ""Oil & Gas Exploration"", ""Renewable Energy""]","Midstream, Refining, Oil & Gas Exploration","The Company is engaged in midstream, refining, oil & gas exploration. It provides innovative solutions and services to customers worldwide.",-7.913,-6.7435,4,"{""Midstream"": 0.56, ""Refining"": 0.8, ""Oil & Gas Exploration"": 0.79, ""Renewable Energy"": 0.51}"
Marathon Petroleum,10107,0616990566,2024,Energy,563.41,"[""Midstream"", ""Refining"", ""Oil & Gas Exploration"", ""Renewable Energy""]","Midstream, Refining, Oil & Gas Exploration","The Company is engaged in midstream, refining, oil & gas exploration. It provides innovative solutions and services to customers worldwide.",-7.7894,-6.6552,4,"{""Midstream"": 0.87, ""Refining"": 0.54, ""Oil & Gas Exploration"": 0.77, ""Renewable Energy"": 0.72}"
Marathon Petroleum,10107,0616990566,2025,Energy,633.42,"[""Midstream"", ""Refining"", ""Oil & Gas Exploration"", ""Renewable Energy""]","Midstream, Refining, Oil & Gas Exploration","The Company is engaged in midstream, refining, oil & gas exploration. It provides innovative solutions and services to customers worldwide.",-7.1653,-6.588,4,"{""Midstream"": 0.85, ""Refining"": 0.62, ""Oil & Gas Exploration"": 0.91, ""Renewable Energy"": 0.54}"
Valero Energy,10108,0543795589,2021,Energy,343.45,"[""Oilfield Services"", ""Midstream""]","Oilfield Services, Midstream","The Company is engaged in oilfield services, midstream. It provides innovative solutions and services to customers worldwide.",-7.3073,-7.6788,2,"{""Oilfield Services"": 0.92, ""Midstream"": 0.89}"
Valero Energy,10108,0543795589,2022,Energy,381.46,"[""Oilfield Services"", ""Midstream""]","Oilfield Services, Midstream","The Company is engaged in oilfield services, midstream. It provides innovative solutions and services to customers worldwide.",-6.5494,-8.2423,2,"{""Oilfield Services"": 0.94, ""Midstream"": 0.77}"
Valero Energy,10108,0543795589,2023,Energy,410.07,"[""Oilfield Services"", ""Midstream""]","Oilfield Services, Midstream","The Company is engaged in oilfield services, midstream. It provides innovative solutions and services to customers worldwide.",-6.3651,-8.7671,2,"{""Oilfield Services"": 0.79, ""Midstream"": 0.64}"
Valero Energy,10108,0543795589,2024,Energy,405.52,"[""Oilfield Services"", ""Midstream""]","Oilfield Services, Midstream","The Company is engaged in oilfield services, midstream. It provides innovative solutions and services to customers worldwide.",-6.4143,-8.8009,2,"{""Oilfield Services"": 0.87, ""Midstream"": 0.8}"
Valero Energy,10108,0543795589,2025,Energy,432.1,"[""Oilfield Services"", ""Midstream""]","Oilfield Services, Midstream","The Company is engaged in oilfield services, midstream. It provides innovative solutions and services to customers worldwide.",-7.3929,-7.4452,2,"{""Oilfield Services"": 0.64, ""Midstream"": 0.71}"
Phillips 66,10109,0284954287,2021,Energy,469.02,"[""Oilfield Services"", ""Oil & Gas Exploration"", ""Refining"", ""Renewable Energy""]","Oilfield Services, Oil & Gas Exploration, Refining","The Company is engaged in oilfield services, oil & gas exploration, refining. It provides innovative solutions and services to customers worldwide.",-7.2849,-7.2042,4,"{""Oilfield Services"": 0.52, ""Oil & Gas Exploration"": 0.93, ""Refining"": 0.81, ""Renewable Energy"": 0.78}"
Phillips 66,10109,0284954287,2022,Energy,533.94,"[""Oilfield Services"", ""Oil & Gas Exploration"", ""Refining"", ""Renewable Energy""]","Oilfield Services, Oil & Gas Exploration, Refining","The Company is engaged in oilfield services, oil & gas exploration, refining. It provides innovative solutions and services to customers worldwide.",-8.018,-7.8737,4,"{""Oilfield Services"": 0.63, ""Oil & Gas Exploration"": 0.85, ""Refining"": 0.68, ""Renewable Energy"": 0.56}"
Phillips 66,10109,0284954287,2023,Energy,611.45,"[""Oilfield Services"", ""Oil & Gas Exploration"", ""Refining"", ""Renewable Energy""]","Oilfield Services, Oil & Gas Exploration, Refining","The Company is engaged in oilfield services, oil & gas exploration, refining. It provides innovative solutions and services to customers worldwide.",-7.9988,-8.0851,4,"{""Oilfield Services"": 0.67, ""Oil & Gas Exploration"": 0.66, ""Refining"": 0.65, ""Renewable Energy"": 0.73}"
Phillips 66,10109,0284954287,2024,Energy,642.69,"[""Oilfield Services"", ""Oil & Gas Exploration"", ""Refining"", ""Renewable Energy""]","Oilfield Services, Oil & Gas Exploration, Refining","The Company is engaged in oilfield services, oil & gas exploration, refining. It provides innovative solutions and services to customers worldwide.",-7.1887,-8.2116,4,"{""Oilfield Services"": 0.73, ""Oil & Gas Exploration"": 0.56, ""Refining"": 0.94, ""Renewable Energy"": 0.61}"
Phillips 66,10109,0284954287,2025,Energy,687.09,"[""Oilfield Services"", ""Oil & Gas Exploration"", ""Refining"", ""Renewable Energy""]","Oilfield Services, Oil & Gas Exploration, Refining","The Company is engaged in oilfield services, oil & gas exploration, refining. It provides innovative solutions and services to customers worldwide.",-7.0169,-8.661,4,"{""Oilfield Services"": 0.69, ""Oil & Gas Exploration"": 0.69, ""Refining"": 0.85, ""Renewable Energy"": 0.59}"
Enterprise Products,10110,0401735695,2021,Energy,485.51,"[""Oilfield Services"", ""Midstream""]","Oilfield Services, Midstream","The Company is engaged in oilfield services, midstream. It provides innovative solutions and services to customers worldwide.",-6.1991,-9.408,2,"{""Oilfield Services"": 0.66, ""Midstream"": 0.52}"
Enterprise Products,10110,0401735695,2022,Energy,482.56,"[""Oilfield Services"", ""Midstream""]","Oilfield Services, Midstream","The Company is engaged in oilfield services, midstream. It provides innovative solutions and services to customers worldwide.",-6.4955,-10.4865,2,"{""Oilfield Services"": 0.5, ""Midstream"": 0.91}"
Enterprise Products,10110,0401735695,2023,Energy,474.63,"[""Oilfield Services"", ""Midstream""]","Oilfield Services, Midstream","The Company is engaged in oilfield services, midstream. It provides innovative solutions and services to customers worldwide.",-6.1125,-9.9428,2,"{""Oilfield Services"": 0.55, ""Midstream"": 0.53}"
Enterprise Products,10110,0401735695,2024,Energy,491.77,"[""Oilfield Services"", ""Midstream""]","Oilfield Services, Midstream","The Company is engaged in oilfield services, midstream. It provides innovative solutions and services to customers worldwide.",-5.8551,-9.8084,2,"{""Oilfield Services"": 0.55, ""Midstream"": 0.73}"
Enterprise Products,10110,0401735695,2025,Energy,528.29,"[""Oilfield Services"", ""Midstream""]","Oilfield Services, Midstream","The Company is engaged in oilfield services, midstream. It provides innovative solutions and services to customers worldwide.",-6.8419,-11.0001,2,"{""Oilfield Services"": 0.82, ""Midstream"": 0.55}"
Energy Transfer,10111,0252858851,2021,Energy,517.44,"[""Oil & Gas Exploration"", ""Midstream"", ""Oilfield Services""]","Oil & Gas Exploration, Midstream, Oilfield Services","The Company is engaged in oil & gas exploration, midstream, oilfield services. It provides innovative solutions and services to customers worldwide.",-4.6348,-7.5221,3,"{""Oil & Gas Exploration"": 0.85, ""Midstream"": 0.8, ""Oilfield Services"": 0.51}"
Energy Transfer,10111,0252858851,2022,Energy,575.19,"[""Oil & Gas Exploration"", ""Midstream"", ""Oilfield Services""]","Oil & Gas Exploration, Midstream, Oilfield Services","The Company is engaged in oil & gas exploration, midstream, oilfield services. It provides innovative solutions and services to customers worldwide.",-5.0733,-7.4889,3,"{""Oil & Gas Exploration"": 0.64, ""Midstream"": 0.75, ""Oilfield Services"": 0.63}"
Energy Transfer,10111,0252858851,2023,Energy,592.29,"[""Oil & Gas Exploration"", ""Midstream"", ""Oilfield Services""]","Oil & Gas Exploration, Midstream, Oilfield Services","The Company is engaged in oil & gas exploration, midstream, oilfield services. It provides innovative solutions and services to customers worldwide.",-4.8041,-7.2921,3,"{""Oil & Gas Exploration"": 0.89, ""Midstream"": 0.62, ""Oilfield Services"": 0.74}"
Energy Transfer,10111,0252858851,2024,Energy,675.69,"[""Oil & Gas Exploration"", ""Midstream"", ""Oilfield Services""]","Oil & Gas Exploration, Midstream, Oilfield Services","The Company is engaged in oil & gas exploration, midstream, oilfield services. It provides innovative solutions and services to customers worldwide.",-5.1363,-6.6075,3,"{""Oil & Gas Exploration"": 0.55, ""Midstream"": 0.51, ""Oilfield Services"": 0.91}"
Energy Transfer,10111,0252858851,2025,Energy,699.76,"[""Oil & Gas Exploration"", ""Midstream"", ""Oilfield Services""]","Oil & Gas Exploration, Midstream, Oilfield Services","The Company is engaged in oil & gas exploration, midstream, oilfield services. It provides innovative solutions and services to customers worldwide.",-6.2076,-6.4797,3,"{""Oil & Gas Exploration"": 0.53, ""Midstream"": 0.6, ""Oilfield Services"": 0.66}"
Williams Companies,10112,0910234844,2021,Energy,486.03,"[""Midstream"", ""Refining"", ""Oil & Gas Exploration""]","Midstream, Refining, Oil & Gas Exploration","The Company is engaged in midstream, refining, oil & gas exploration. It provides innovative solutions and services to customers worldwide.",-10.3077,-9.4837,3,"{""Midstream"": 0.56, ""Refining"": 0.79, ""Oil & Gas Exploration"": 0.56}"
Williams Companies,10112,0910234844,2022,Energy,514.67,"[""Midstream"", ""Refining"", ""Oil & Gas Exploration""]","Midstream, Refining, Oil & Gas Exploration","The Company is engaged in midstream, refining, oil & gas exploration. It provides innovative solutions and services to customers worldwide.",-9.9197,-9.8579,3,"{""Midstream"": 0.54, ""Refining"": 0.93, ""Oil & Gas Exploration"": 0.61}"
Williams Companies,10112,0910234844,2023,Energy,576.83,"[""Midstream"", ""Refining"", ""Oil & Gas Exploration""]","Midstream, Refining, Oil & Gas Exploration","The Company is engaged in midstream, refining, oil & gas exploration. It provides innovative solutions and services to customers worldwide.",-10.0821,-9.6817,3,"{""Midstream"": 0.51, ""Refining"": 0.73, ""Oil & Gas Exploration"": 0.85}"
Williams Companies,10112,0910234844,2024,Energy,581.33,"[""Midstream"", ""Refining"", ""Oil & Gas Exploration""]","Midstream, Refining, Oil & Gas Exploration","The Company is engaged in midstream, refining, oil & gas exploration. It provides innovative solutions and services to customers worldwide.",-10.5934,-10.3944,3,"{""Midstream"": 0.67, ""Refining"": 0.68, ""Oil & Gas Exploration"": 0.75}"
Williams Companies,10112,0910234844,2025,Energy,571.74,"[""Midstream"", ""Refining"", ""Oil & Gas Exploration""]","Midstream, Refining, Oil & Gas Exploration","The Company is engaged in midstream, refining, oil & gas exploration. It provides innovative solutions and services to customers worldwide.",-10.203,-11.0888,3,"{""Midstream"": 0.64, ""Refining"": 0.73, ""Oil & Gas Exploration"": 0.86}"
Kinder Morgan,10113,0792366184,2021,Energy,319.21,"[""Renewable Energy"", ""Oil & Gas Exploration"", ""Midstream""]","Renewable Energy, Oil & Gas Exploration, Midstream","The Company is engaged in renewable energy, oil & gas exploration, midstream. It provides innovative solutions and services to customers worldwide.",-6.7778,-7.8536,3,"{""Renewable Energy"": 0.84, ""Oil & Gas Exploration"": 0.55, ""Midstream"": 0.94}"
Kinder Morgan,10113,0792366184,2022,Energy,325.12,"[""Renewable Energy"", ""Oil & Gas Exploration"", ""Midstream""]","Renewable Energy, Oil & Gas Exploration, Midstream","The Company is engaged in renewable energy, oil & gas exploration, midstream. It provides innovative solutions and services to customers worldwide.",-5.7259,-8.306,3,"{""Renewable Energy"": 0.78, ""Oil & Gas Exploration"": 0.59, ""Midstream"": 0.57}"
Kinder Morgan,10113,0792366184,2023,Energy,361.42,"[""Renewable Energy"", ""Oil & Gas Exploration"", ""Midstream""]","Renewable Energy, Oil & Gas Exploration, Midstream","The Company is engaged in renewable energy, oil & gas exploration, midstream. It provides innovative solutions and services to customers worldwide.",-5.5028,-7.6165,3,"{""Renewable Energy"": 0.53, ""Oil & Gas Exploration"": 0.65, ""Midstream"": 0.64}"
Kinder Morgan,10113,0792366184,2024,Energy,354.09,"[""Renewable Energy"", ""Oil & Gas Exploration"", ""Midstream""]","Renewable Energy, Oil & Gas Exploration, Midstream","The Company is engaged in renewable energy, oil & gas exploration, midstream. It provides innovative solutions and services to customers worldwide.",-6.6243,-6.5604,3,"{""Renewable Energy"": 0.77, ""Oil & Gas Exploration"": 0.87, ""Midstream"": 0.67}"
Kinder Morgan,10113,0792366184,2025,Energy,353.2,"[""Renewable Energy"", ""Oil & Gas Exploration"", ""Midstream""]","Renewable Energy, Oil & Gas Exploration, Midstream","The Company is engaged in renewable energy, oil & gas exploration, midstream. It provides innovative solutions and services to customers worldwide.",-6.8468,-6.8301,3,"{""Renewable Energy"": 0.63, ""Oil & Gas Exploration"": 0.79, ""Midstream"": 0.77}"
Enbridge,10114,0942156584,2021,Energy,287.05,"[""Oilfield Services"", ""Refining"", ""Oil & Gas Exploration""]","Oilfield Services, Refining, Oil & Gas Exploration","The Company is engaged in oilfield services, refining, oil & gas exploration. It provides innovative solutions and services to customers worldwide.",-6.6029,-8.7067,3,"{""Oilfield Services"": 0.61, ""Refining"": 0.67, ""Oil & Gas Exploration"": 0.54}"
Enbridge,10114,0942156584,2022,Energy,277.85,"[""Oilfield Services"", ""Refining"", ""Oil & Gas Exploration""]","Oilfield Services, Refining, Oil & Gas Exploration","The Company is engaged in oilfield services, refining, oil & gas exploration. It provides innovative solutions and services to customers worldwide.",-6.9644,-9.3382,3,"{""Oilfield Services"": 0.91, ""Refining"": 0.5, ""Oil & Gas Exploration"": 0.72}"
Enbridge,10114,0942156584,2023,Energy,315.42,"[""Oilfield Services"", ""Refining"", ""Oil & Gas Exploration""]","Oilfield Services, Refining, Oil & Gas Exploration","The Company is engaged in oilfield services, refining, oil & gas exploration. It provides innovative solutions and services to customers worldwide.",-7.2619,-9.921,3,"{""Oilfield Services"": 0.57, ""Refining"": 0.93, ""Oil & Gas Exploration"": 0.59}"
Enbridge,10114,0942156584,2024,Energy,355.45,"[""Oilfield Services"", ""Refining"", ""Oil & Gas Exploration""]","Oilfield Services, Refining, Oil & Gas Exploration","The Company is engaged in oilfield services, refining, oil & gas exploration. It provides innovative solutions and services to customers worldwide.",-7.0063,-8.5981,3,"{""Oilfield Services"": 0.75, ""Refining"": 0.74, ""Oil & Gas Exploration"": 0.59}"
Enbridge,10114,0942156584,2025,Energy,391.69,"[""Oilfield Services"", ""Refining"", ""Oil & Gas Exploration""]","Oilfield Services, Refining, Oil & Gas Exploration","The Company is engaged in oilfield services, refining, oil & gas exploration. It provides innovative solutions and services to customers worldwide.",-7.8842,-9.7796,3,"{""Oilfield Services"": 0.65, ""Refining"": 0.93, ""Oil & Gas Exploration"": 0.83}"
TC Energy,10115,0518455415,2021,Energy,315.68,"[""Refining"", ""Oil & Gas Exploration""]","Refining, Oil & Gas Exploration","The Company is engaged in refining, oil & gas exploration. It provides innovative solutions and services to customers worldwide.",-9.5371,-8.2292,2,"{""Refining"": 0.87, ""Oil & Gas Exploration"": 0.59}"
TC Energy,10115,0518455415,2022,Energy,318.78,"[""Refining"", ""Oil & Gas Exploration""]","Refining, Oil & Gas Exploration","The Company is engaged in refining, oil & gas exploration. It provides innovative solutions and services to customers worldwide.",-9.4525,-7.5695,2,"{""Refining"": 0.69, ""Oil & Gas Exploration"": 0.64}"
TC Energy,10115,0518455415,2023,Energy,355.95,"[""Refining"", ""Oil & Gas Exploration""]","Refining, Oil & Gas Exploration","The Company is engaged in refining, oil & gas exploration. It provides innovative solutions and services to customers worldwide.",-8.76,-7.0434,2,"{""Refining"": 0.94, ""Oil & Gas Exploration"": 0.86}"
TC Energy,10115,0518455415,2024,Energy,376.92,"[""Refining"", ""Oil & Gas Exploration""]","Refining, Oil & Gas Exploration","The Company is engaged in refining, oil & gas exploration. It provides innovative solutions and services to customers worldwide.",-10.091,-6.2041,2,"{""Refining"": 0.52, ""Oil & Gas Exploration"": 0.84}"
TC Energy,10115,0518455415,2025,Energy,362.79,"[""Refining"", ""Oil & Gas Exploration""]","Refining, Oil & Gas Exploration","The Company is engaged in refining, oil & gas exploration. It provides innovative solutions and services to customers worldwide.",-10.3866,-6.2374,2,"{""Refining"": 0.67, ""Oil & Gas Exploration"": 0.76}"
Pembina,10116,0559486043,2021,Energy,342.07,"[""Oilfield Services"", ""Midstream"", ""Renewable Energy"", ""Refining""]","Oilfield Services, Midstream, Renewable Energy","The Company is engaged in oilfield services, midstream, renewable energy. It provides innovative solutions and services to customers worldwide.",-8.1139,-10.7694,4,"{""Oilfield Services"": 0.61, ""Midstream"": 0.7, ""Renewable Energy"": 0.56, ""Refining"": 0.59}"
Pembina,10116,0559486043,2022,Energy,362.64,"[""Oilfield Services"", ""Midstream"", ""Renewable Energy"", ""Refining""]","Oilfield Services, Midstream, Renewable Energy","The Company is engaged in oilfield services, midstream, renewable energy. It provides innovative solutions and services to customers worldwide.",-7.3457,-10.3994,4,"{""Oilfield Services"": 0.57, ""Midstream"": 0.83, ""Renewable Energy"": 0.77, ""Refining"": 0.83}"
Pembina,10116,0559486043,2023,Energy,391.54,"[""Oilfield Services"", ""Midstream"", ""Renewable Energy"", ""Refining""]","Oilfield Services, Midstream, Renewable Energy","The Company is engaged in oilfield services, midstream, renewable energy. It provides innovative solutions and services to customers worldwide.",-8.834,-9.7081,4,"{""Oilfield Services"": 0.53, ""Midstream"": 0.9, ""Renewable Energy"": 0.55, ""Refining"": 0.65}"
Pembina,10116,0559486043,2024,Energy,402.79,"[""Oilfield Services"", ""Midstream"", ""Renewable Energy"", ""Refining""]","Oilfield Services, Midstream, Renewable Energy","The Company is engaged in oilfield services, midstream, renewable energy. It provides innovative solutions and services to customers worldwide.",-8.5307,-8.7239,4,"{""Oilfield Services"": 0.71, ""Midstream"": 0.88, ""Renewable Energy"": 0.65, ""Refining"": 0.89}"
Pembina,10116,0559486043,2025,Energy,450.93,"[""Oilfield Services"", ""Midstream"", ""Renewable Energy"", ""Refining""]","Oilfield Services, Midstream, Renewable Energy","The Company is engaged in oilfield services, midstream, renewable energy. It provides innovative solutions and services to customers worldwide.",-8.4531,-8.8393,4,"{""Oilfield Services"": 0.58, ""Midstream"": 0.69, ""Renewable Energy"": 0.57, ""Refining"": 0.82}"
Cheniere Energy,10117,0251817508,2021,Energy,68.48,"[""Renewable Energy"", ""Midstream"", ""Oil & Gas Exploration"", ""Refining""]","Renewable Energy, Midstream, Oil & Gas Exploration","The Company is engaged in renewable energy, midstream, oil & gas exploration. It provides innovative solutions and services to customers worldwide.",-8.5989,-4.3854,4,"{""Renewable Energy"": 0.52, ""Midstream"": 0.83, ""Oil & Gas Exploration"": 0.55, ""Refining"": 0.64}"
Cheniere Energy,10117,0251817508,2022,Energy,73.29,"[""Renewable Energy"", ""Midstream"", ""Oil & Gas Exploration"", ""Refining""]","Renewable Energy, Midstream, Oil & Gas Exploration","The Company is engaged in renewable energy, midstream, oil & gas exploration. It provides innovative solutions and services to customers worldwide.",-6.6109,-3.3833,4,"{""Renewable Energy"": 0.57, ""Midstream"": 0.67, ""Oil & Gas Exploration"": 0.78, ""Refining"": 0.94}"
Cheniere Energy,10117,0251817508,2023,Energy,80.79,"[""Renewable Energy"", ""Midstream"", ""Oil & Gas Exploration"", ""Refining""]","Renewable Energy, Midstream, Oil & Gas Exploration","The Company is engaged in renewable energy, midstream, oil & gas exploration. It provides innovative solutions and services to customers worldwide.",-6.3264,-3.23,4,"{""Renewable Energy"": 0.77, ""Midstream"": 0.59, ""Oil & Gas Exploration"": 0.8, ""Refining"": 0.78}"
Cheniere Energy,10117,0251817508,2024,Energy,85.3,"[""Renewable Energy"", ""Midstream"", ""Oil & Gas Exploration"", ""Refining""]","Renewable Energy, Midstream, Oil & Gas Exploration","The Company is engaged in renewable energy, midstream, oil & gas exploration. It provides innovative solutions and services to customers worldwide.",-6.5259,-1.2287,4,"{""Renewable Energy"": 0.65, ""Midstream"": 0.73, ""Oil & Gas Exploration"": 0.59, ""Refining"": 0.86}"
Cheniere Energy,10117,0251817508,2025,Energy,88.5,"[""Renewable Energy"", ""Midstream"", ""Oil & Gas Exploration"", ""Refining""]","Renewable Energy, Midstream, Oil & Gas Exploration","The Company is engaged in renewable energy, midstream, oil & gas exploration. It provides innovative solutions and services to customers worldwide.",-4.9871,-1.8484,4,"{""Renewable Energy"": 0.62, ""Midstream"": 0.75, ""Oil & Gas Exploration"": 0.66, ""Refining"": 0.92}"
Devon Energy,10118,0841505239,2021,Energy,219.67,"[""Oilfield Services"", ""Renewable Energy""]","Oilfield Services, Renewable Energy","The Company is engaged in oilfield services, renewable energy. It provides innovative solutions and services to customers worldwide.",-5.2701,-8.3759,2,"{""Oilfield Services"": 0.72, ""Renewable Energy"": 0.54}"
Devon Energy,10118,0841505239,2022,Energy,235.67,"[""Oilfield Services"", ""Renewable Energy""]","Oilfield Services, Renewable Energy","The Company is engaged in oilfield services, renewable energy. It provides innovative solutions and services to customers worldwide.",-5.2557,-7.9978,2,"{""Oilfield Services"": 0.61, ""Renewable Energy"": 0.72}"
Devon Energy,10118,0841505239,2023,Energy,228.89,"[""Oilfield Services"", ""Renewable Energy""]","Oilfield Services, Renewable Energy","The Company is engaged in oilfield services, renewable energy. It provides innovative solutions and services to customers worldwide.",-5.864,-8.0992,2,"{""Oilfield Services"": 0.88, ""Renewable Energy"": 0.61}"
Devon Energy,10118,0841505239,2024,Energy,252.64,"[""Oilfield Services"", ""Renewable Energy""]","Oilfield Services, Renewable Energy","The Company is engaged in oilfield services, renewable energy. It provides innovative solutions and services to customers worldwide.",-5.8459,-9.2236,2,"{""Oilfield Services"": 0.53, ""Renewable Energy"": 0.76}"
Devon Energy,10118,0841505239,2025,Energy,253.26,"[""Oilfield Services"", ""Renewable Energy""]","Oilfield Services, Renewable Energy","The Company is engaged in oilfield services, renewable energy. It provides innovative solutions and services to customers worldwide.",-4.9039,-9.3937,2,"{""Oilfield Services"": 0.69, ""Renewable Energy"": 0.52}"
Pioneer Natural,10119,0955035682,2021,Energy,434.78,"[""Oil & Gas Exploration"", ""Renewable Energy""]","Oil & Gas Exploration, Renewable Energy","The Company is engaged in oil & gas exploration, renewable energy. It provides innovative solutions and services to customers worldwide.",-7.0166,-8.4616,2,"{""Oil & Gas Exploration"": 0.73, ""Renewable Energy"": 0.88}"
Pioneer Natural,10119,0955035682,2022,Energy,430.56,"[""Oil & Gas Exploration"", ""Renewable Energy""]","Oil & Gas Exploration, Renewable Energy","The Company is engaged in oil & gas exploration, renewable energy. It provides innovative solutions and services to customers worldwide.",-7.9304,-7.6556,2,"{""Oil & Gas Exploration"": 0.62, ""Renewable Energy"": 0.58}"
Pioneer Natural,10119,0955035682,2023,Energy,418.79,"[""Oil & Gas Exploration"", ""Renewable Energy""]","Oil & Gas Exploration, Renewable Energy","The Company is engaged in oil & gas exploration, renewable energy. It provides innovative solutions and services to customers worldwide.",-8.0682,-8.3443,2,"{""Oil & Gas Exploration"": 0.58, ""Renewable Energy"": 0.75}"
Pioneer Natural,10119,0955035682,2024,Energy,441.01,"[""Oil & Gas Exploration"", ""Renewable Energy""]","Oil & Gas Exploration, Renewable Energy","The Company is engaged in oil & gas exploration, renewable energy. It provides innovative solutions and services to customers worldwide.",-8.9191,-8.8999,2,"{""Oil & Gas Exploration"": 0.55, ""Renewable Energy"": 0.84}"
Pioneer Natural,10119,0955035682,2025,Energy,465.95,"[""Oil & Gas Exploration"", ""Renewable Energy""]","Oil & Gas Exploration, Renewable Energy","The Company is engaged in oil & gas exploration, renewable energy. It provides innovative solutions and services to customers worldwide.",-8.7275,-8.5801,2,"{""Oil & Gas Exploration"": 0.89, ""Renewable Energy"": 0.81}"
EOG Resources,10120,0145316734,2021,Energy,349.29,"[""Oil & Gas Exploration"", ""Oilfield Services"", ""Renewable Energy""]","Oil & Gas Exploration, Oilfield Services, Renewable Energy","The Company is engaged in oil & gas exploration, oilfield services, renewable energy. It provides innovative solutions and services to customers worldwide.",-10.5123,-6.4558,3,"{""Oil & Gas Exploration"": 0.88, ""Oilfield Services"": 0.71, ""Renewable Energy"": 0.8}"
EOG Resources,10120,0145316734,2022,Energy,375.52,"[""Oil & Gas Exploration"", ""Oilfield Services"", ""Renewable Energy""]","Oil & Gas Exploration, Oilfield Services, Renewable Energy","The Company is engaged in oil & gas exploration, oilfield services, renewable energy. It provides innovative solutions and services to customers worldwide.",-11.8019,-7.0791,3,"{""Oil & Gas Exploration"": 0.57, ""Oilfield Services"": 0.67, ""Renewable Energy"": 0.59}"
EOG Resources,10120,0145316734,2023,Energy,431.51,"[""Oil & Gas Exploration"", ""Oilfield Services"", ""Renewable Energy""]","Oil & Gas Exploration, Oilfield Services, Renewable Energy","The Company is engaged in oil & gas exploration, oilfield services, renewable energy. It provides innovative solutions and services to customers worldwide.",-11.5503,-6.9682,3,"{""Oil & Gas Exploration"": 0.7, ""Oilfield Services"": 0.61, ""Renewable Energy"": 0.7}"
EOG Resources,10120,0145316734,2024,Energy,492.11,"[""Oil & Gas Exploration"", ""Oilfield Services"", ""Renewable Energy""]","Oil & Gas Exploration, Oilfield Services, Renewable Energy","The Company is engaged in oil & gas exploration, oilfield services, renewable energy. It provides innovative solutions and services to customers worldwide.",-11.8677,-6.5932,3,"{""Oil & Gas Exploration"": 0.65, ""Oilfield Services"": 0.94, ""Renewable Energy"": 0.88}"
EOG Resources,10120,0145316734,2025,Energy,468.36,"[""Oil & Gas Exploration"", ""Oilfield Services"", ""Renewable Energy""]","Oil & Gas Exploration, Oilfield Services, Renewable Energy","The Company is engaged in oil & gas exploration, oilfield services, renewable energy. It provides innovative solutions and services to customers worldwide.",-12.3372,-5.7977,3,"{""Oil & Gas Exploration"": 0.67, ""Oilfield Services"": 0.64, ""Renewable Energy"": 0.52}"
Occidental Petroleum,10121,0123043592,2021,Energy,294.52,"[""Oilfield Services"", ""Oil & Gas Exploration"", ""Renewable Energy""]","Oilfield Services, Oil & Gas Exploration, Renewable Energy","The Company is engaged in oilfield services, oil & gas exploration, renewable energy. It provides innovative solutions and services to customers worldwide.",-5.3918,-8.2162,3,"{""Oilfield Services"": 0.6, ""Oil & Gas Exploration"": 0.78, ""Renewable Energy"": 0.92}"
Occidental Petroleum,10121,0123043592,2022,Energy,303.31,"[""Oilfield Services"", ""Oil & Gas Exploration"", ""Renewable Energy""]","Oilfield Services, Oil & Gas Exploration, Renewable Energy","The Company is engaged in oilfield services, oil & gas exploration, renewable energy. It provides innovative solutions and services to customers worldwide.",-6.0031,-9.0682,3,"{""Oilfield Services"": 0.61, ""Oil & Gas Exploration"": 0.59, ""Renewable Energy"": 0.93}"
Occidental Petroleum,10121,0123043592,2023,Energy,302.64,"[""Oilfield Services"", ""Oil & Gas Exploration"", ""Renewable Energy""]","Oilfield Services, Oil & Gas Exploration, Renewable Energy","The Company is engaged in oilfield services, oil & gas exploration, renewable energy. It provides innovative solutions and services to customers worldwide.",-6.8077,-10.4357,3,"{""Oilfield Services"": 0.78, ""Oil & Gas Exploration"": 0.79, ""Renewable Energy"": 0.88}"
Occidental Petroleum,10121,0123043592,2024,Energy,327.07,"[""Oilfield Services"", ""Oil & Gas Exploration"", ""Renewable Energy""]","Oilfield Services, Oil & Gas Exploration, Renewable Energy","The Company is engaged in oilfield services, oil & gas exploration, renewable energy. It provides innovative solutions and services to customers worldwide.",-6.5723,-9.1034,3,"{""Oilfield Services"": 0.62, ""Oil & Gas Exploration"": 0.77, ""Renewable Energy"": 0.72}"
Occidental Petroleum,10121,0123043592,2025,Energy,329.8,"[""Oilfield Services"", ""Oil & Gas Exploration"", ""Renewable Energy""]","Oilfield Services, Oil & Gas Exploration, Renewable Energy","The Company is engaged in oilfield services, oil & gas exploration, renewable energy. It provides innovative solutions and services to customers worldwide.",-6.8769,-9.5373,3,"{""Oilfield Services"": 0.92, ""Oil & Gas Exploration"": 0.6, ""Renewable Energy"": 0.63}"
Anadarko,10122,0612622080,2021,Energy,90.13,"[""Refining"", ""Oilfield Services"", ""Renewable Energy""]","Refining, Oilfield Services, Renewable Energy","The Company is engaged in refining, oilfield services, renewable energy. It provides innovative solutions and services to customers worldwide.",-5.9713,-9.8366,3,"{""Refining"": 0.86, ""Oilfield Services"": 0.73, ""Renewable Energy"": 0.84}"
Anadarko,10122,0612622080,2022,Energy,101.07,"[""Refining"", ""Oilfield Services"", ""Renewable Energy""]","Refining, Oilfield Services, Renewable Energy","The Company is engaged in refining, oilfield services, renewable energy. It provides innovative solutions and services to customers worldwide.",-5.8511,-11.4066,3,"{""Refining"": 0.71, ""Oilfield Services"": 0.66, ""Renewable Energy"": 0.74}"
Anadarko,10122,0612622080,2023,Energy,115.0,"[""Refining"", ""Oilfield Services"", ""Renewable Energy""]","Refining, Oilfield Services, Renewable Energy","The Company is engaged in refining, oilfield services, renewable energy. It provides innovative solutions and services to customers worldwide.",-6.2109,-10.0211,3,"{""Refining"": 0.63, ""Oilfield Services"": 0.71, ""Renewable Energy"": 0.84}"
Anadarko,10122,0612622080,2024,Energy,132.17,"[""Refining"", ""Oilfield Services"", ""Renewable Energy""]","Refining, Oilfield Services, Renewable Energy","The Company is engaged in refining, oilfield services, renewable energy. It provides innovative solutions and services to customers worldwide.",-5.578,-9.692,3,"{""Refining"": 0.69, ""Oilfield Services"": 0.55, ""Renewable Energy"": 0.51}"
Anadarko,10122,0612622080,2025,Energy,131.4,"[""Refining"", ""Oilfield Services"", ""Renewable Energy""]","Refining, Oilfield Services, Renewable Energy","The Company is engaged in refining, oilfield services, renewable energy. It provides innovative solutions and services to customers worldwide.",-5.0779,-9.3886,3,"{""Refining"": 0.57, ""Oilfield Services"": 0.53, ""Renewable Energy"": 0.87}"
Baker Hughes,10123,0363633423,2021,Energy,250.86,"[""Midstream"", ""Renewable Energy"", ""Oilfield Services"", ""Refining""]","Midstream, Renewable Energy, Oilfield Services","The Company is engaged in midstream, renewable energy, oilfield services. It provides innovative solutions and services to customers worldwide.",-8.7734,-9.0493,4,"{""Midstream"": 0.7, ""Renewable Energy"": 0.61, ""Oilfield Services"": 0.66, ""Refining"": 0.82}"
Baker Hughes,10123,0363633423,2022,Energy,286.56,"[""Midstream"", ""Renewable Energy"", ""Oilfield Services"", ""Refining""]","Midstream, Renewable Energy, Oilfield Services","The Company is engaged in midstream, renewable energy, oilfield services. It provides innovative solutions and services to customers worldwide.",-9.6263,-9.0003,4,"{""Midstream"": 0.79, ""Renewable Energy"": 0.84, ""Oilfield Services"": 0.54, ""Refining"": 0.52}"
Baker Hughes,10123,0363633423,2023,Energy,298.42,"[""Midstream"", ""Renewable Energy"", ""Oilfield Services"", ""Refining""]","Midstream, Renewable Energy, Oilfield Services","The Company is engaged in midstream, renewable energy, oilfield services. It provides innovative solutions and services to customers worldwide.",-9.086,-9.1065,4,"{""Midstream"": 0.63, ""Renewable Energy"": 0.75, ""Oilfield Services"": 0.55, ""Refining"": 0.77}"
Baker Hughes,10123,0363633423,2024,Energy,342.39,"[""Midstream"", ""Renewable Energy"", ""Oilfield Services"", ""Refining""]","Midstream, Renewable Energy, Oilfield Services","The Company is engaged in midstream, renewable energy, oilfield services. It provides innovative solutions and services to customers worldwide.",-7.9722,-8.8454,4,"{""Midstream"": 0.61, ""Renewable Energy"": 0.73, ""Oilfield Services"": 0.91, ""Refining"": 0.85}"
Baker Hughes,10123,0363633423,2025,Energy,329.19,"[""Midstream"", ""Renewable Energy"", ""Oilfield Services"", ""Refining""]","Midstream, Renewable Energy, Oilfield Services","The Company is engaged in midstream, renewable energy, oilfield services. It provides innovative solutions and services to customers worldwide.",-7.4292,-8.8608,4,"{""Midstream"": 0.92, ""Renewable Energy"": 0.52, ""Oilfield Services"": 0.75, ""Refining"": 0.9}"
Procter & Gamble,10124,0154636036,2021,Consumer Goods,99.0,"[""Entertainment"", ""Food & Beverage"", ""Automotive""]","Entertainment, Food & Beverage, Automotive","The Company is engaged in entertainment, food & beverage, automotive. It provides innovative solutions and services to customers worldwide.",-4.2722,-7.7716,3,"{""Entertainment"": 0.53, ""Food & Beverage"": 0.55, ""Automotive"": 0.89}"
Procter & Gamble,10124,0154636036,2022,Consumer Goods,101.83,"[""Entertainment"", ""Food & Beverage"", ""Automotive""]","Entertainment, Food & Beverage, Automotive","The Company is engaged in entertainment, food & beverage, automotive. It provides innovative solutions and services to customers worldwide.",-2.8134,-7.9619,3,"{""Entertainment"": 0.62, ""Food & Beverage"": 0.66, ""Automotive"": 0.86}"
Procter & Gamble,10124,0154636036,2023,Consumer Goods,110.59,"[""Entertainment"", ""Food & Beverage"", ""Automotive""]","Entertainment, Food & Beverage, Automotive","The Company is engaged in entertainment, food & beverage, automotive. It provides innovative solutions and services to customers worldwide.",-2.3421,-7.827,3,"{""Entertainment"": 0.76, ""Food & Beverage"": 0.77, ""Automotive"": 0.92}"
Procter & Gamble,10124,0154636036,2024,Consumer Goods,121.62,"[""Entertainment"", ""Food & Beverage"", ""Automotive""]","Entertainment, Food & Beverage, Automotive","The Company is engaged in entertainment, food & beverage, automotive. It provides innovative solutions and services to customers worldwide.",-0.7994,-7.5474,3,"{""Entertainment"": 0.6, ""Food & Beverage"": 0.89, ""Automotive"": 0.93}"
Procter & Gamble,10124,0154636036,2025,Consumer Goods,117.89,"[""Entertainment"", ""Food & Beverage"", ""Automotive""]","Entertainment, Food & Beverage, Automotive","The Company is engaged in entertainment, food & beverage, automotive. It provides innovative solutions and services to customers worldwide.",-0.4415,-7.7937,3,"{""Entertainment"": 0.53, ""Food & Beverage"": 0.56, ""Automotive"": 0.53}"
Coca-Cola,10125,0508074435,2021,Consumer Goods,379.83,"[""Personal Care"", ""Retail""]","Personal Care, Retail","The Company is engaged in personal care, retail. It provides innovative solutions and services to customers worldwide.",-7.998,-4.4101,2,"{""Personal Care"": 0.66, ""Retail"": 0.69}"
Coca-Cola,10125,0508074435,2022,Consumer Goods,421.16,"[""Personal Care"", ""Retail""]","Personal Care, Retail","The Company is engaged in personal care, retail. It provides innovative solutions and services to customers worldwide.",-8.0659,-3.202,2,"{""Personal Care"": 0.76, ""Retail"": 0.65}"
Coca-Cola,10125,0508074435,2023,Consumer Goods,419.0,"[""Personal Care"", ""Retail""]","Personal Care, Retail","The Company is engaged in personal care, retail. It provides innovative solutions and services to customers worldwide.",-8.5378,-2.643,2,"{""Personal Care"": 0.73, ""Retail"": 0.62}"
Coca-Cola,10125,0508074435,2024,Consumer Goods,479.08,"[""Personal Care"", ""Retail""]","Personal Care, Retail","The Company is engaged in personal care, retail. It provides innovative solutions and services to customers worldwide.",-10.8613,-2.1699,2,"{""Personal Care"": 0.76, ""Retail"": 0.89}"
Coca-Cola,10125,0508074435,2025,Consumer Goods,538.3,"[""Personal Care"", ""Retail""]","Personal Care, Retail","The Company is engaged in personal care, retail. It provides innovative solutions and services to customers worldwide.",-10.6937,-3.0432,2,"{""Personal Care"": 0.76, ""Retail"": 0.82}"
PepsiCo,10126,0624173126,2021,Consumer Goods,249.07,"[""Food & Beverage"", ""Entertainment"", ""Retail""]","Food & Beverage, Entertainment, Retail","The Company is engaged in food & beverage, entertainment, retail. It provides innovative solutions and services to customers worldwide.",-0.8091,-1.4129,3,"{""Food & Beverage"": 0.9, ""Entertainment"": 0.57, ""Retail"": 0.58}"
PepsiCo,10126,0624173126,2022,Consumer Goods,248.09,"[""Food & Beverage"", ""Entertainment"", ""Retail""]","Food & Beverage, Entertainment, Retail","The Company is engaged in food & beverage, entertainment, retail. It provides innovative solutions and services to customers worldwide.",-1.269,-1.6948,3,"{""Food & Beverage"": 0.55, ""Entertainment"": 0.87, ""Retail"": 0.56}"
PepsiCo,10126,0624173126,2023,Consumer Goods,236.02,"[""Food & Beverage"", ""Entertainment"", ""Retail""]","Food & Beverage, Entertainment, Retail","The Company is engaged in food & beverage, entertainment, retail. It provides innovative solutions and services to customers worldwide.",-1.206,-1.561,3,"{""Food & Beverage"": 0.84, ""Entertainment"": 0.73, ""Retail"": 0.85}"
PepsiCo,10126,0624173126,2024,Consumer Goods,261.34,"[""Food & Beverage"", ""Entertainment"", ""Retail""]","Food & Beverage, Entertainment, Retail","The Company is engaged in food & beverage, entertainment, retail. It provides innovative solutions and services to customers worldwide.",0.5627,-1.2788,3,"{""Food & Beverage"": 0.68, ""Entertainment"": 0.5, ""Retail"": 0.88}"
PepsiCo,10126,0624173126,2025,Consumer Goods,248.68,"[""Food & Beverage"", ""Entertainment"", ""Retail""]","Food & Beverage, Entertainment, Retail","The Company is engaged in food & beverage, entertainment, retail. It provides innovative solutions and services to customers worldwide.",0.4991,-3.1937,3,"{""Food & Beverage"": 0.72, ""Entertainment"": 0.94, ""Retail"": 0.63}"
Walmart,10127,0724566689,2021,Consumer Goods,512.18,"[""Entertainment"", ""Automotive"", ""Personal Care""]","Entertainment, Automotive, Personal Care","The Company is engaged in entertainment, automotive, personal care. It provides innovative solutions and services to customers worldwide.",-1.0436,-8.6095,3,"{""Entertainment"": 0.61, ""Automotive"": 0.6, ""Personal Care"": 0.69}"
Walmart,10127,0724566689,2022,Consumer Goods,524.13,"[""Entertainment"", ""Automotive"", ""Personal Care""]","Entertainment, Automotive, Personal Care","The Company is engaged in entertainment, automotive, personal care. It provides innovative solutions and services to customers worldwide.",-1.8229,-8.0468,3,"{""Entertainment"": 0.68, ""Automotive"": 0.94, ""Personal Care"": 0.93}"
Walmart,10127,0724566689,2023,Consumer Goods,505.06,"[""Entertainment"", ""Automotive"", ""Personal Care""]","Entertainment, Automotive, Personal Care","The Company is engaged in entertainment, automotive, personal care. It provides innovative solutions and services to customers worldwide.",-2.3269,-7.4612,3,"{""Entertainment"": 0.64, ""Automotive"": 0.62, ""Personal Care"": 0.73}"
Walmart,10127,0724566689,2024,Consumer Goods,565.14,"[""Entertainment"", ""Automotive"", ""Personal Care""]","Entertainment, Automotive, Personal Care","The Company is engaged in entertainment, automotive, personal care. It provides innovative solutions and services to customers worldwide.",-1.9311,-7.1545,3,"{""Entertainment"": 0.66, ""Automotive"": 0.81, ""Personal Care"": 0.64}"
Walmart,10127,0724566689,2025,Consumer Goods,538.0,"[""Entertainment"", ""Automotive"", ""Personal Care""]","Entertainment, Automotive, Personal Care","The Company is engaged in entertainment, automotive, personal care. It provides innovative solutions and services to customers worldwide.",-1.8075,-7.4237,3,"{""Entertainment"": 0.68, ""Automotive"": 0.65, ""Personal Care"": 0.81}"
Target,10128,0169773785,2021,Consumer Goods,279.0,"[""Retail"", ""Entertainment"", ""Food & Beverage"", ""Personal Care""]","Retail, Entertainment, Food & Beverage","The Company is engaged in retail, entertainment, food & beverage. It provides innovative solutions and services to customers worldwide.",-0.3068,-2.7504,4,"{""Retail"": 0.71, ""Entertainment"": 0.65, ""Food & Beverage"": 0.76, ""Personal Care"": 0.9}"
Target,10128,0169773785,2022,Consumer Goods,293.99,"[""Retail"", ""Entertainment"", ""Food & Beverage"", ""Personal Care""]","Retail, Entertainment, Food & Beverage","The Company is engaged in retail, entertainment, food & beverage. It provides innovative solutions and services to customers worldwide.",1.2518,-1.9303,4,"{""Retail"": 0.52, ""Entertainment"": 0.6, ""Food & Beverage"": 0.72, ""Personal Care"": 0.64}"
Target,10128,0169773785,2023,Consumer Goods,298.27,"[""Retail"", ""Entertainment"", ""Food & Beverage"", ""Personal Care""]","Retail, Entertainment, Food & Beverage","The Company is engaged in retail, entertainment, food & beverage. It provides innovative solutions and services to customers worldwide.",1.2658,-3.0056,4,"{""Retail"": 0.62, ""Entertainment"": 0.71, ""Food & Beverage"": 0.56, ""Personal Care"": 0.92}"
Target,10128,0169773785,2024,Consumer Goods,289.7,"[""Retail"", ""Entertainment"", ""Food & Beverage"", ""Personal Care""]","Retail, Entertainment, Food & Beverage","The Company is engaged in retail, entertainment, food & beverage. It provides innovative solutions and services to customers worldwide.",1.5892,-2.4329,4,"{""Retail"": 0.85, ""Entertainment"": 0.86, ""Food & Beverage"": 0.85, ""Personal Care"": 0.55}"
Target,10128,0169773785,2025,Consumer Goods,308.66,"[""Retail"", ""Entertainment"", ""Food & Beverage"", ""Personal Care""]","Retail, Entertainment, Food & Beverage","The Company is engaged in retail, entertainment, food & beverage. It provides innovative solutions and services to customers worldwide.",2.4173,-2.0764,4,"{""Retail"": 0.79, ""Entertainment"": 0.71, ""Food & Beverage"": 0.74, ""Personal Care"": 0.52}"
Home Depot,10129,0696841637,2021,Consumer Goods,72.47,"[""Entertainment"", ""Retail""]","Entertainment, Retail","The Company is engaged in entertainment, retail. It provides innovative solutions and services to customers worldwide.",-2.0687,-4.1142,2,"{""Entertainment"": 0.55, ""Retail"": 0.79}"
Home Depot,10129,0696841637,2022,Consumer Goods,77.92,"[""Entertainment"", ""Retail""]","Entertainment, Retail","The Company is engaged in entertainment, retail. It provides innovative solutions and services to customers worldwide.",-1.943,-3.9733,2,"{""Entertainment"": 0.53, ""Retail"": 0.55}"
Home Depot,10129,0696841637,2023,Consumer Goods,80.03,"[""Entertainment"", ""Retail""]","Entertainment, Retail","The Company is engaged in entertainment, retail. It provides innovative solutions and services to customers worldwide.",-2.268,-4.4667,2,"{""Entertainment"": 0.92, ""Retail"": 0.77}"
Home Depot,10129,0696841637,2024,Consumer Goods,77.83,"[""Entertainment"", ""Retail""]","Entertainment, Retail","The Company is engaged in entertainment, retail. It provides innovative solutions and services to customers worldwide.",-1.8561,-3.8108,2,"{""Entertainment"": 0.83, ""Retail"": 0.62}"
Home Depot,10129,0696841637,2025,Consumer Goods,89.47,"[""Entertainment"", ""Retail""]","Entertainment, Retail","The Company is engaged in entertainment, retail. It provides innovative solutions and services to customers worldwide.",-2.9738,-2.8331,2,"{""Entertainment"": 0.62, ""Retail"": 0.63}"
Lowe's,10130,0875981427,2021,Consumer Goods,457.97,"[""Personal Care"", ""Retail"", ""Entertainment""]","Personal Care, Retail, Entertainment","The Company is engaged in personal care, retail, entertainment. It provides innovative solutions and services to customers worldwide.",1.0167,-5.0045,3,"{""Personal Care"": 0.91, ""Retail"": 0.7, ""Entertainment"": 0.52}"
Lowe's,10130,0875981427,2022,Consumer Goods,499.32,"[""Personal Care"", ""Retail"", ""Entertainment""]","Personal Care, Retail, Entertainment","The Company is engaged in personal care, retail, entertainment. It provides innovative solutions and services to customers worldwide.",1.8821,-5.3696,3,"{""Personal Care"": 0.71, ""Retail"": 0.52, ""Entertainment"": 0.69}"
Lowe's,10130,0875981427,2023,Consumer Goods,538.38,"[""Personal Care"", ""Retail"", ""Entertainment""]","Personal Care, Retail, Entertainment","The Company is engaged in personal care, retail, entertainment. It provides innovative solutions and services to customers worldwide.",2.5034,-5.4145,3,"{""Personal Care"": 0.64, ""Retail"": 0.74, ""Entertainment"": 0.53}"
Lowe's,10130,0875981427,2024,Consumer Goods,562.91,"[""Personal Care"", ""Retail"", ""Entertainment""]","Personal Care, Retail, Entertainment","The Company is engaged in personal care, retail, entertainment. It provides innovative solutions and services to customers worldwide.",2.4489,-5.2304,3,"{""Personal Care"": 0.66, ""Retail"": 0.81, ""Entertainment"": 0.8}"
Lowe's,10130,0875981427,2025,Consumer Goods,570.3,"[""Personal Care"", ""Retail"", ""Entertainment""]","Personal Care, Retail, Entertainment","The Company is engaged in personal care, retail, entertainment. It provides innovative solutions and services to customers worldwide.",1.6559,-4.4939,3,"{""Personal Care"": 0.56, ""Retail"": 0.79, ""Entertainment"": 0.52}"
Nike,10131,0519542436,2021,Consumer Goods,107.09,"[""Food & Beverage"", ""Retail"", ""Automotive"", ""Entertainment""]","Food & Beverage, Retail, Automotive","The Company is engaged in food & beverage, retail, automotive. It provides innovative solutions and services to customers worldwide.",-2.1604,-5.6519,4,"{""Food & Beverage"": 0.59, ""Retail"": 0.55, ""Automotive"": 0.91, ""Entertainment"": 0.87}"
Nike,10131,0519542436,2022,Consumer Goods,109.07,"[""Food & Beverage"", ""Retail"", ""Automotive"", ""Entertainment""]","Food & Beverage, Retail, Automotive","The Company is engaged in food & beverage, retail, automotive. It provides innovative solutions and services to customers worldwide.",-2.3304,-4.7087,4,"{""Food & Beverage"": 0.75, ""Retail"": 0.54, ""Automotive"": 0.84, ""Entertainment"": 0.76}"
Nike,10131,0519542436,2023,Consumer Goods,107.64,"[""Food & Beverage"", ""Retail"", ""Automotive"", ""Entertainment""]","Food & Beverage, Retail, Automotive","The Company is engaged in food & beverage, retail, automotive. It provides innovative solutions and services to customers worldwide.",-2.7264,-5.1068,4,"{""Food & Beverage"": 0.53, ""Retail"": 0.76, ""Automotive"": 0.88, ""Entertainment"": 0.51}"
Nike,10131,0519542436,2024,Consumer Goods,119.9,"[""Food & Beverage"", ""Retail"", ""Automotive"", ""Entertainment""]","Food & Beverage, Retail, Automotive","The Company is engaged in food & beverage, retail, automotive. It provides innovative solutions and services to customers worldwide.",-2.6498,-5.5814,4,"{""Food & Beverage"": 0.65, ""Retail"": 0.66, ""Automotive"": 0.77, ""Entertainment"": 0.62}"
Nike,10131,0519542436,2025,Consumer Goods,131.69,"[""Food & Beverage"", ""Retail"", ""Automotive"", ""Entertainment""]","Food & Beverage, Retail, Automotive","The Company is engaged in food & beverage, retail, automotive. It provides innovative solutions and services to customers worldwide.",-1.6989,-4.102,4,"{""Food & Beverage"": 0.8, ""Retail"": 0.59, ""Automotive"": 0.66, ""Entertainment"": 0.56}"
McDonald's,10132,0657731629,2021,Consumer Goods,220.44,"[""Food & Beverage"", ""Entertainment""]","Food & Beverage, Entertainment","The Company is engaged in food & beverage, entertainment. It provides innovative solutions and services to customers worldwide.",2.8538,-3.5359,2,"{""Food & Beverage"": 0.53, ""Entertainment"": 0.84}"
McDonald's,10132,0657731629,2022,Consumer Goods,237.66,"[""Food & Beverage"", ""Entertainment""]","Food & Beverage, Entertainment","The Company is engaged in food & beverage, entertainment. It provides innovative solutions and services to customers worldwide.",2.4848,-2.9307,2,"{""Food & Beverage"": 0.64, ""Entertainment"": 0.93}"
McDonald's,10132,0657731629,2023,Consumer Goods,233.69,"[""Food & Beverage"", ""Entertainment""]","Food & Beverage, Entertainment","The Company is engaged in food & beverage, entertainment. It provides innovative solutions and services to customers worldwide.",2.548,-3.2998,2,"{""Food & Beverage"": 0.82, ""Entertainment"": 0.58}"
McDonald's,10132,0657731629,2024,Consumer Goods,264.76,"[""Food & Beverage"", ""Entertainment""]","Food & Beverage, Entertainment","The Company is engaged in food & beverage, entertainment. It provides innovative solutions and services to customers worldwide.",2.5208,-4.5756,2,"{""Food & Beverage"": 0.6, ""Entertainment"": 0.56}"
McDonald's,10132,0657731629,2025,Consumer Goods,299.8,"[""Food & Beverage"", ""Entertainment""]","Food & Beverage, Entertainment","The Company is engaged in food & beverage, entertainment. It provides innovative solutions and services to customers worldwide.",2.5239,-3.2779,2,"{""Food & Beverage"": 0.57, ""Entertainment"": 0.79}"
Starbucks,10133,0723099086,2021,Consumer Goods,109.74,"[""Personal Care"", ""Entertainment""]","Personal Care, Entertainment","The Company is engaged in personal care, entertainment. It provides innovative solutions and services to customers worldwide.",1.9009,-4.6946,2,"{""Personal Care"": 0.93, ""Entertainment"": 0.59}"
Starbucks,10133,0723099086,2022,Consumer Goods,116.23,"[""Personal Care"", ""Entertainment""]","Personal Care, Entertainment","The Company is engaged in personal care, entertainment. It provides innovative solutions and services to customers worldwide.",0.8407,-4.2594,2,"{""Personal Care"": 0.81, ""Entertainment"": 0.59}"
Starbucks,10133,0723099086,2023,Consumer Goods,112.07,"[""Personal Care"", ""Entertainment""]","Personal Care, Entertainment","The Company is engaged in personal care, entertainment. It provides innovative solutions and services to customers worldwide.",-1.2955,-2.8174,2,"{""Personal Care"": 0.87, ""Entertainment"": 0.65}"
Starbucks,10133,0723099086,2024,Consumer Goods,117.97,"[""Personal Care"", ""Entertainment""]","Personal Care, Entertainment","The Company is engaged in personal care, entertainment. It provides innovative solutions and services to customers worldwide.",-0.8685,-0.6635,2,"{""Personal Care"": 0.55, ""Entertainment"": 0.69}"
Starbucks,10133,0723099086,2025,Consumer Goods,131.89,"[""Personal Care"", ""Entertainment""]","Personal Care, Entertainment","The Company is engaged in personal care, entertainment. It provides innovative solutions and services to customers worldwide.",0.4805,-0.9385,2,"{""Personal Care"": 0.75, ""Entertainment"": 0.54}"
Walt Disney,10134,0406966708,2021,Consumer Goods,119.7,"[""Automotive"", ""Retail""]","Automotive, Retail","The Company is engaged in automotive, retail. It provides innovative solutions and services to customers worldwide.",-7.8532,-7.2873,2,"{""Automotive"": 0.65, ""Retail"": 0.58}"
Walt Disney,10134,0406966708,2022,Consumer Goods,130.13,"[""Automotive"", ""Retail""]","Automotive, Retail","The Company is engaged in automotive, retail. It provides innovative solutions and services to customers worldwide.",-7.8647,-7.4588,2,"{""Automotive"": 0.6, ""Retail"": 0.56}"
Walt Disney,10134,0406966708,2023,Consumer Goods,129.45,"[""Automotive"", ""Retail""]","Automotive, Retail","The Company is engaged in automotive, retail. It provides innovative solutions and services to customers worldwide.",-8.132,-6.9989,2,"{""Automotive"": 0.89, ""Retail"": 0.87}"
Walt Disney,10134,0406966708,2024,Consumer Goods,128.61,"[""Automotive"", ""Retail""]","Automotive, Retail","The Company is engaged in automotive, retail. It provides innovative solutions and services to customers worldwide.",-8.6213,-9.3479,2,"{""Automotive"": 0.54, ""Retail"": 0.76}"
Walt Disney,10134,0406966708,2025,Consumer Goods,146.37,"[""Automotive"", ""Retail""]","Automotive, Retail","The Company is engaged in automotive, retail. It provides innovative solutions and services to customers worldwide.",-8.7134,-10.0772,2,"{""Automotive"": 0.93, ""Retail"": 0.61}"
Netflix,10135,0633063088,2021,Consumer Goods,166.15,"[""Entertainment"", ""Automotive"", ""Personal Care""]","Entertainment, Automotive, Personal Care","The Company is engaged in entertainment, automotive, personal care. It provides innovative solutions and services to customers worldwide.",0.8326,-8.1737,3,"{""Entertainment"": 0.79, ""Automotive"": 0.68, ""Personal Care"": 0.77}"
Netflix,10135,0633063088,2022,Consumer Goods,185.08,"[""Entertainment"", ""Automotive"", ""Personal Care""]","Entertainment, Automotive, Personal Care","The Company is engaged in entertainment, automotive, personal care. It provides innovative solutions and services to customers worldwide.",0.6372,-7.8263,3,"{""Entertainment"": 0.95, ""Automotive"": 0.6, ""Personal Care"": 0.62}"
Netflix,10135,0633063088,2023,Consumer Goods,209.72,"[""Entertainment"", ""Automotive"", ""Personal Care""]","Entertainment, Automotive, Personal Care","The Company is engaged in entertainment, automotive, personal care. It provides innovative solutions and services to customers worldwide.",0.815,-7.7641,3,"{""Entertainment"": 0.73, ""Automotive"": 0.86, ""Personal Care"": 0.56}"
Netflix,10135,0633063088,2024,Consumer Goods,203.44,"[""Entertainment"", ""Automotive"", ""Personal Care""]","Entertainment, Automotive, Personal Care","The Company is engaged in entertainment, automotive, personal care. It provides innovative solutions and services to customers worldwide.",0.4097,-8.4436,3,"{""Entertainment"": 0.62, ""Automotive"": 0.87, ""Personal Care"": 0.67}"
Netflix,10135,0633063088,2025,Consumer Goods,233.2,"[""Entertainment"", ""Automotive"", ""Personal Care""]","Entertainment, Automotive, Personal Care","The Company is engaged in entertainment, automotive, personal care. It provides innovative solutions and services to customers worldwide.",0.2064,-8.9739,3,"{""Entertainment"": 0.78, ""Automotive"": 0.69, ""Personal Care"": 0.57}"
Comcast,10136,0691563426,2021,Consumer Goods,477.56,"[""Automotive"", ""Entertainment""]","Automotive, Entertainment","The Company is engaged in automotive, entertainment. It provides innovative solutions and services to customers worldwide.",-1.5086,-5.401,2,"{""Automotive"": 0.78, ""Entertainment"": 0.94}"
Comcast,10136,0691563426,2022,Consumer Goods,501.44,"[""Automotive"", ""Entertainment""]","Automotive, Entertainment","The Company is engaged in automotive, entertainment. It provides innovative solutions and services to customers worldwide.",-0.4696,-5.973,2,"{""Automotive"": 0.56, ""Entertainment"": 0.76}"
Comcast,10136,0691563426,2023,Consumer Goods,510.94,"[""Automotive"", ""Entertainment""]","Automotive, Entertainment","The Company is engaged in automotive, entertainment. It provides innovative solutions and services to customers worldwide.",0.3019,-5.6829,2,"{""Automotive"": 0.68, ""Entertainment"": 0.9}"
Comcast,10136,0691563426,2024,Consumer Goods,510.82,"[""Automotive"", ""Entertainment""]","Automotive, Entertainment","The Company is engaged in automotive, entertainment. It provides innovative solutions and services to customers worldwide.",0.7753,-4.9922,2,"{""Automotive"": 0.91, ""Entertainment"": 0.57}"
Comcast,10136,0691563426,2025,Consumer Goods,551.04,"[""Automotive"", ""Entertainment""]","Automotive, Entertainment","The Company is engaged in automotive, entertainment. It provides innovative solutions and services to customers worldwide.",0.534,-4.9273,2,"{""Automotive"": 0.62, ""Entertainment"": 0.7}"
Ford,10137,0509158122,2021,Consumer Goods,471.49,"[""Personal Care"", ""Entertainment"", ""Automotive""]","Personal Care, Entertainment, Automotive","The Company is engaged in personal care, entertainment, automotive. It provides innovative solutions and services to customers worldwide.",-1.5717,-3.9493,3,"{""Personal Care"": 0.59, ""Entertainment"": 0.84, ""Automotive"": 0.84}"
Ford,10137,0509158122,2022,Consumer Goods,481.09,"[""Personal Care"", ""Entertainment"", ""Automotive""]","Personal Care, Entertainment, Automotive","The Company is engaged in personal care, entertainment, automotive. It provides innovative solutions and services to customers worldwide.",-2.4957,-4.2853,3,"{""Personal Care"": 0.7, ""Entertainment"": 0.53, ""Automotive"": 0.76}"
Ford,10137,0509158122,2023,Consumer Goods,459.84,"[""Personal Care"", ""Entertainment"", ""Automotive""]","Personal Care, Entertainment, Automotive","The Company is engaged in personal care, entertainment, automotive. It provides innovative solutions and services to customers worldwide.",-1.2913,-3.7931,3,"{""Personal Care"": 0.74, ""Entertainment"": 0.52, ""Automotive"": 0.82}"
Ford,10137,0509158122,2024,Consumer Goods,477.45,"[""Personal Care"", ""Entertainment"", ""Automotive""]","Personal Care, Entertainment, Automotive","The Company is engaged in personal care, entertainment, automotive. It provides innovative solutions and services to customers worldwide.",-1.2357,-2.2718,3,"{""Personal Care"": 0.56, ""Entertainment"": 0.63, ""Automotive"": 0.89}"
Ford,10137,0509158122,2025,Consumer Goods,512.66,"[""Personal Care"", ""Entertainment"", ""Automotive""]","Personal Care, Entertainment, Automotive","The Company is engaged in personal care, entertainment, automotive. It provides innovative solutions and services to customers worldwide.",0.0287,-1.729,3,"{""Personal Care"": 0.54, ""Entertainment"": 0.6, ""Automotive"": 0.61}"
General Motors,10138,0451004621,2021,Consumer Goods,213.27,"[""Retail"", ""Personal Care"", ""Entertainment""]","Retail, Personal Care, Entertainment","The Company is engaged in retail, personal care, entertainment. It provides innovative solutions and services to customers worldwide.",0.1858,-7.6281,3,"{""Retail"": 0.57, ""Personal Care"": 0.68, ""Entertainment"": 0.92}"
General Motors,10138,0451004621,2022,Consumer Goods,224.67,"[""Retail"", ""Personal Care"", ""Entertainment""]","Retail, Personal Care, Entertainment","The Company is engaged in retail, personal care, entertainment. It provides innovative solutions and services to customers worldwide.",-0.3276,-6.2958,3,"{""Retail"": 0.54, ""Personal Care"": 0.94, ""Entertainment"": 0.8}"
General Motors,10138,0451004621,2023,Consumer Goods,218.36,"[""Retail"", ""Personal Care"", ""Entertainment""]","Retail, Personal Care, Entertainment","The Company is engaged in retail, personal care, entertainment. It provides innovative solutions and services to customers worldwide.",0.1943,-7.6008,3,"{""Retail"": 0.93, ""Personal Care"": 0.58, ""Entertainment"": 0.79}"
General Motors,10138,0451004621,2024,Consumer Goods,241.36,"[""Retail"", ""Personal Care"", ""Entertainment""]","Retail, Personal Care, Entertainment","The Company is engaged in retail, personal care, entertainment. It provides innovative solutions and services to customers worldwide.",0.8525,-8.371,3,"{""Retail"": 0.8, ""Personal Care"": 0.78, ""Entertainment"": 0.9}"
General Motors,10138,0451004621,2025,Consumer Goods,241.28,"[""Retail"", ""Personal Care"", ""Entertainment""]","Retail, Personal Care, Entertainment","The Company is engaged in retail, personal care, entertainment. It provides innovative solutions and services to customers worldwide.",0.6675,-8.8321,3,"{""Retail"": 0.94, ""Personal Care"": 0.68, ""Entertainment"": 0.83}"
Tesla,10139,0893388534,2021,Consumer Goods,474.3,"[""Personal Care"", ""Retail""]","Personal Care, Retail","The Company is engaged in personal care, retail. It provides innovative solutions and services to customers worldwide.",-4.2843,-6.2926,2,"{""Personal Care"": 0.57, ""Retail"": 0.86}"
Tesla,10139,0893388534,2022,Consumer Goods,509.64,"[""Personal Care"", ""Retail""]","Personal Care, Retail","The Company is engaged in personal care, retail. It provides innovative solutions and services to customers worldwide.",-4.6715,-6.1937,2,"{""Personal Care"": 0.64, ""Retail"": 0.67}"
Tesla,10139,0893388534,2023,Consumer Goods,524.96,"[""Personal Care"", ""Retail""]","Personal Care, Retail","The Company is engaged in personal care, retail. It provides innovative solutions and services to customers worldwide.",-4.1385,-5.7313,2,"{""Personal Care"": 0.93, ""Retail"": 0.68}"
Tesla,10139,0893388534,2024,Consumer Goods,592.95,"[""Personal Care"", ""Retail""]","Personal Care, Retail","The Company is engaged in personal care, retail. It provides innovative solutions and services to customers worldwide.",-4.2123,-4.4862,2,"{""Personal Care"": 0.91, ""Retail"": 0.54}"
Tesla,10139,0893388534,2025,Consumer Goods,658.78,"[""Personal Care"", ""Retail""]","Personal Care, Retail","The Company is engaged in personal care, retail. It provides innovative solutions and services to customers worldwide.",-4.699,-4.0122,2,"{""Personal Care"": 0.88, ""Retail"": 0.63}"
Colgate-Palmolive,10140,0968700426,2021,Consumer Goods,128.39,"[""Entertainment"", ""Personal Care"", ""Automotive"", ""Food & Beverage""]","Entertainment, Personal Care, Automotive","The Company is engaged in entertainment, personal care, automotive. It provides innovative solutions and services to customers worldwide.",-5.7048,-6.5787,4,"{""Entertainment"": 0.93, ""Personal Care"": 0.91, ""Automotive"": 0.82, ""Food & Beverage"": 0.87}"
Colgate-Palmolive,10140,0968700426,2022,Consumer Goods,141.63,"[""Entertainment"", ""Personal Care"", ""Automotive"", ""Food & Beverage""]","Entertainment, Personal Care, Automotive","The Company is engaged in entertainment, personal care, automotive. It provides innovative solutions and services to customers worldwide.",-6.3551,-6.2881,4,"{""Entertainment"": 0.59, ""Personal Care"": 0.65, ""Automotive"": 0.87, ""Food & Beverage"": 0.74}"
Colgate-Palmolive,10140,0968700426,2023,Consumer Goods,151.76,"[""Entertainment"", ""Personal Care"", ""Automotive"", ""Food & Beverage""]","Entertainment, Personal Care, Automotive","The Company is engaged in entertainment, personal care, automotive. It provides innovative solutions and services to customers worldwide.",-6.6419,-5.9284,4,"{""Entertainment"": 0.54, ""Personal Care"": 0.79, ""Automotive"": 0.84, ""Food & Beverage"": 0.76}"
Colgate-Palmolive,10140,0968700426,2024,Consumer Goods,172.54,"[""Entertainment"", ""Personal Care"", ""Automotive"", ""Food & Beverage""]","Entertainment, Personal Care, Automotive","The Company is engaged in entertainment, personal care, automotive. It provides innovative solutions and services to customers worldwide.",-6.4103,-6.6491,4,"{""Entertainment"": 0.59, ""Personal Care"": 0.83, ""Automotive"": 0.89, ""Food & Beverage"": 0.73}"
Colgate-Palmolive,10140,0968700426,2025,Consumer Goods,172.9,"[""Entertainment"", ""Personal Care"", ""Automotive"", ""Food & Beverage""]","Entertainment, Personal Care, Automotive","The Company is engaged in entertainment, personal care, automotive. It provides innovative solutions and services to customers worldwide.",-5.5943,-6.2107,4,"{""Entertainment"": 0.63, ""Personal Care"": 0.5, ""Automotive"": 0.93, ""Food & Beverage"": 0.91}"
Kimberly-Clark,10141,0162570237,2021,Consumer Goods,193.86,"[""Automotive"", ""Personal Care"", ""Food & Beverage"", ""Retail""]","Automotive, Personal Care, Food & Beverage","The Company is engaged in automotive, personal care, food & beverage. It provides innovative solutions and services to customers worldwide.",-3.7716,-9.282,4,"{""Automotive"": 0.56, ""Personal Care"": 0.89, ""Food & Beverage"": 0.77, ""Retail"": 0.56}"
Kimberly-Clark,10141,0162570237,2022,Consumer Goods,211.32,"[""Automotive"", ""Personal Care"", ""Food & Beverage"", ""Retail""]","Automotive, Personal Care, Food & Beverage","The Company is engaged in automotive, personal care, food & beverage. It provides innovative solutions and services to customers worldwide.",-4.7181,-9.4842,4,"{""Automotive"": 0.84, ""Personal Care"": 0.55, ""Food & Beverage"": 0.73, ""Retail"": 0.87}"
Kimberly-Clark,10141,0162570237,2023,Consumer Goods,240.92,"[""Automotive"", ""Personal Care"", ""Food & Beverage"", ""Retail""]","Automotive, Personal Care, Food & Beverage","The Company is engaged in automotive, personal care, food & beverage. It provides innovative solutions and services to customers worldwide.",-4.6998,-8.8942,4,"{""Automotive"": 0.74, ""Personal Care"": 0.68, ""Food & Beverage"": 0.88, ""Retail"": 0.72}"
Kimberly-Clark,10141,0162570237,2024,Consumer Goods,269.68,"[""Automotive"", ""Personal Care"", ""Food & Beverage"", ""Retail""]","Automotive, Personal Care, Food & Beverage","The Company is engaged in automotive, personal care, food & beverage. It provides innovative solutions and services to customers worldwide.",-5.576,-11.4356,4,"{""Automotive"": 0.87, ""Personal Care"": 0.68, ""Food & Beverage"": 0.65, ""Retail"": 0.72}"
Kimberly-Clark,10141,0162570237,2025,Consumer Goods,299.02,"[""Automotive"", ""Personal Care"", ""Food & Beverage"", ""Retail""]","Automotive, Personal Care, Food & Beverage","The Company is engaged in automotive, personal care, food & beverage. It provides innovative solutions and services to customers worldwide.",-6.7803,-11.1007,4,"{""Automotive"": 0.72, ""Personal Care"": 0.65, ""Food & Beverage"": 0.55, ""Retail"": 0.61}"
Mondelez,10142,0955906132,2021,Consumer Goods,82.92,"[""Automotive"", ""Entertainment"", ""Food & Beverage""]","Automotive, Entertainment, Food & Beverage","The Company is engaged in automotive, entertainment, food & beverage. It provides innovative solutions and services to customers worldwide.",-1.427,-7.1194,3,"{""Automotive"": 0.63, ""Entertainment"": 0.58, ""Food & Beverage"": 0.72}"
Mondelez,10142,0955906132,2022,Consumer Goods,80.04,"[""Automotive"", ""Entertainment"", ""Food & Beverage""]","Automotive, Entertainment, Food & Beverage","The Company is engaged in automotive, entertainment, food & beverage. It provides innovative solutions and services to customers worldwide.",-0.6646,-7.8588,3,"{""Automotive"": 0.8, ""Entertainment"": 0.61, ""Food & Beverage"": 0.72}"
Mondelez,10142,0955906132,2023,Consumer Goods,91.18,"[""Automotive"", ""Entertainment"", ""Food & Beverage""]","Automotive, Entertainment, Food & Beverage","The Company is engaged in automotive, entertainment, food & beverage. It provides innovative solutions and services to customers worldwide.",0.1364,-8.628,3,"{""Automotive"": 0.91, ""Entertainment"": 0.76, ""Food & Beverage"": 0.71}"
Mondelez,10142,0955906132,2024,Consumer Goods,89.96,"[""Automotive"", ""Entertainment"", ""Food & Beverage""]","Automotive, Entertainment, Food & Beverage","The Company is engaged in automotive, entertainment, food & beverage. It provides innovative solutions and services to customers worldwide.",0.5799,-7.8581,3,"{""Automotive"": 0.87, ""Entertainment"": 0.69, ""Food & Beverage"": 0.59}"
Mondelez,10142,0955906132,2025,Consumer Goods,94.81,"[""Automotive"", ""Entertainment"", ""Food & Beverage""]","Automotive, Entertainment, Food & Beverage","The Company is engaged in automotive, entertainment, food & beverage. It provides innovative solutions and services to customers worldwide.",-0.2026,-8.5926,3,"{""Automotive"": 0.61, ""Entertainment"": 0.56, ""Food & Beverage"": 0.56}"
Estee Lauder,10143,0457668542,2021,Consumer Goods,616.82,"[""Retail"", ""Personal Care""]","Retail, Personal Care","The Company is engaged in retail, personal care. It provides innovative solutions and services to customers worldwide.",-3.0583,-8.4519,2,"{""Retail"": 0.64, ""Personal Care"": 0.57}"
Estee Lauder,10143,0457668542,2022,Consumer Goods,679.28,"[""Retail"", ""Personal Care""]","Retail, Personal Care","The Company is engaged in retail, personal care. It provides innovative solutions and services to customers worldwide.",-3.7261,-9.6112,2,"{""Retail"": 0.74, ""Personal Care"": 0.53}"
Estee Lauder,10143,0457668542,2023,Consumer Goods,731.91,"[""Retail"", ""Personal Care""]","Retail, Personal Care","The Company is engaged in retail, personal care. It provides innovative solutions and services to customers worldwide.",-3.1777,-9.7246,2,"{""Retail"": 0.86, ""Personal Care"": 0.71}"
Estee Lauder,10143,0457668542,2024,Consumer Goods,823.54,"[""Retail"", ""Personal Care""]","Retail, Personal Care","The Company is engaged in retail, personal care. It provides innovative solutions and services to customers worldwide.",-3.8275,-9.9541,2,"{""Retail"": 0.85, ""Personal Care"": 0.58}"
Estee Lauder,10143,0457668542,2025,Consumer Goods,885.32,"[""Retail"", ""Personal Care""]","Retail, Personal Care","The Company is engaged in retail, personal care. It provides innovative solutions and services to customers worldwide.",-5.9274,-7.9149,2,"{""Retail"": 0.93, ""Personal Care"": 0.76}"
L'Oreal,10144,0272731851,2021,Consumer Goods,120.68,"[""Food & Beverage"", ""Retail"", ""Personal Care"", ""Automotive""]","Food & Beverage, Retail, Personal Care","The Company is engaged in food & beverage, retail, personal care. It provides innovative solutions and services to customers worldwide.",-6.9477,-8.6352,4,"{""Food & Beverage"": 0.72, ""Retail"": 0.68, ""Personal Care"": 0.94, ""Automotive"": 0.53}"
L'Oreal,10144,0272731851,2022,Consumer Goods,134.84,"[""Food & Beverage"", ""Retail"", ""Personal Care"", ""Automotive""]","Food & Beverage, Retail, Personal Care","The Company is engaged in food & beverage, retail, personal care. It provides innovative solutions and services to customers worldwide.",-7.3751,-8.5144,4,"{""Food & Beverage"": 0.73, ""Retail"": 0.74, ""Personal Care"": 0.75, ""Automotive"": 0.58}"
L'Oreal,10144,0272731851,2023,Consumer Goods,144.1,"[""Food & Beverage"", ""Retail"", ""Personal Care"", ""Automotive""]","Food & Beverage, Retail, Personal Care","The Company is engaged in food & beverage, retail, personal care. It provides innovative solutions and services to customers worldwide.",-7.8615,-9.326,4,"{""Food & Beverage"": 0.59, ""Retail"": 0.55, ""Personal Care"": 0.94, ""Automotive"": 0.51}"
L'Oreal,10144,0272731851,2024,Consumer Goods,145.46,"[""Food & Beverage"", ""Retail"", ""Personal Care"", ""Automotive""]","Food & Beverage, Retail, Personal Care","The Company is engaged in food & beverage, retail, personal care. It provides innovative solutions and services to customers worldwide.",-7.3942,-8.8349,4,"{""Food & Beverage"": 0.56, ""Retail"": 0.57, ""Personal Care"": 0.81, ""Automotive"": 0.79}"
L'Oreal,10144,0272731851,2025,Consumer Goods,145.27,"[""Food & Beverage"", ""Retail"", ""Personal Care"", ""Automotive""]","Food & Beverage, Retail, Personal Care","The Company is engaged in food & beverage, retail, personal care. It provides innovative solutions and services to customers worldwide.",-8.0761,-8.4546,4,"{""Food & Beverage"": 0.88, ""Retail"": 0.59, ""Personal Care"": 0.53, ""Automotive"": 0.82}"
Unilever,10145,0755095702,2021,Consumer Goods,594.84,"[""Entertainment"", ""Personal Care"", ""Retail"", ""Automotive""]","Entertainment, Personal Care, Retail","The Company is engaged in entertainment, personal care, retail. It provides innovative solutions and services to customers worldwide.",-5.6228,-6.9966,4,"{""Entertainment"": 0.86, ""Personal Care"": 0.57, ""Retail"": 0.66, ""Automotive"": 0.67}"
Unilever,10145,0755095702,2022,Consumer Goods,649.23,"[""Entertainment"", ""Personal Care"", ""Retail"", ""Automotive""]","Entertainment, Personal Care, Retail","The Company is engaged in entertainment, personal care, retail. It provides innovative solutions and services to customers worldwide.",-5.3181,-7.3526,4,"{""Entertainment"": 0.59, ""Personal Care"": 0.67, ""Retail"": 0.55, ""Automotive"": 0.78}"
Unilever,10145,0755095702,2023,Consumer Goods,691.89,"[""Entertainment"", ""Personal Care"", ""Retail"", ""Automotive""]","Entertainment, Personal Care, Retail","The Company is engaged in entertainment, personal care, retail. It provides innovative solutions and services to customers worldwide.",-5.7327,-6.2924,4,"{""Entertainment"": 0.91, ""Personal Care"": 0.75, ""Retail"": 0.58, ""Automotive"": 0.67}"
Unilever,10145,0755095702,2024,Consumer Goods,747.35,"[""Entertainment"", ""Personal Care"", ""Retail"", ""Automotive""]","Entertainment, Personal Care, Retail","The Company is engaged in entertainment, personal care, retail. It provides innovative solutions and services to customers worldwide.",-5.3959,-5.491,4,"{""Entertainment"": 0.89, ""Personal Care"": 0.9, ""Retail"": 0.91, ""Automotive"": 0.54}"
Unilever,10145,0755095702,2025,Consumer Goods,823.12,"[""Entertainment"", ""Personal Care"", ""Retail"", ""Automotive""]","Entertainment, Personal Care, Retail","The Company is engaged in entertainment, personal care, retail. It provides innovative solutions and services to customers worldwide.",-4.0649,-5.2468,4,"{""Entertainment"": 0.77, ""Personal Care"": 0.58, ""Retail"": 0.86, ""Automotive"": 0.82}"
Nestle,10146,0469950315,2021,Consumer Goods,387.76,"[""Personal Care"", ""Retail"", ""Food & Beverage"", ""Entertainment""]","Personal Care, Retail, Food & Beverage","The Company is engaged in personal care, retail, food & beverage. It provides innovative solutions and services to customers worldwide.",0.9461,-11.5818,4,"{""Personal Care"": 0.52, ""Retail"": 0.89, ""Food & Beverage"": 0.65, ""Entertainment"": 0.9}"
Nestle,10146,0469950315,2022,Consumer Goods,419.9,"[""Personal Care"", ""Retail"", ""Food & Beverage"", ""Entertainment""]","Personal Care, Retail, Food & Beverage","The Company is engaged in personal care, retail, food & beverage. It provides innovative solutions and services to customers worldwide.",1.0827,-11.2292,4,"{""Personal Care"": 0.7, ""Retail"": 0.88, ""Food & Beverage"": 0.93, ""Entertainment"": 0.85}"
Nestle,10146,0469950315,2023,Consumer Goods,470.24,"[""Personal Care"", ""Retail"", ""Food & Beverage"", ""Entertainment""]","Personal Care, Retail, Food & Beverage","The Company is engaged in personal care, retail, food & beverage. It provides innovative solutions and services to customers worldwide.",2.2016,-9.9517,4,"{""Personal Care"": 0.74, ""Retail"": 0.86, ""Food & Beverage"": 0.73, ""Entertainment"": 0.53}"
Nestle,10146,0469950315,2024,Consumer Goods,460.05,"[""Personal Care"", ""Retail"", ""Food & Beverage"", ""Entertainment""]","Personal Care, Retail, Food & Beverage","The Company is engaged in personal care, retail, food & beverage. It provides innovative solutions and services to customers worldwide.",1.3966,-11.6331,4,"{""Personal Care"": 0.55, ""Retail"": 0.74, ""Food & Beverage"": 0.54, ""Entertainment"": 0.64}"
Nestle,10146,0469950315,2025,Consumer Goods,498.88,"[""Personal Care"", ""Retail"", ""Food & Beverage"", ""Entertainment""]","Personal Care, Retail, Food & Beverage","The Company is engaged in personal care, retail, food & beverage. It provides innovative solutions and services to customers worldwide.",0.5351,-10.8044,4,"{""Personal Care"": 0.82, ""Retail"": 0.67, ""Food & Beverage"": 0.51, ""Entertainment"": 0.82}"
Danone,10147,0193201190,2021,Consumer Goods,307.01,"[""Retail"", ""Entertainment""]","Retail, Entertainment","The Company is engaged in retail, entertainment. It provides innovative solutions and services to customers worldwide.",-0.308,-3.0457,2,"{""Retail"": 0.59, ""Entertainment"": 0.75}"
Danone,10147,0193201190,2022,Consumer Goods,333.72,"[""Retail"", ""Entertainment""]","Retail, Entertainment","The Company is engaged in retail, entertainment. It provides innovative solutions and services to customers worldwide.",-0.7561,-3.2457,2,"{""Retail"": 0.82, ""Entertainment"": 0.66}"
Danone,10147,0193201190,2023,Consumer Goods,346.56,"[""Retail"", ""Entertainment""]","Retail, Entertainment","The Company is engaged in retail, entertainment. It provides innovative solutions and services to customers worldwide.",-0.863,-3.8595,2,"{""Retail"": 0.8, ""Entertainment"": 0.64}"
Danone,10147,0193201190,2024,Consumer Goods,345.69,"[""Retail"", ""Entertainment""]","Retail, Entertainment","The Company is engaged in retail, entertainment. It provides innovative solutions and services to customers worldwide.",-0.239,-3.5528,2,"{""Retail"": 0.94, ""Entertainment"": 0.67}"
Danone,10147,0193201190,2025,Consumer Goods,334.94,"[""Retail"", ""Entertainment""]","Retail, Entertainment","The Company is engaged in retail, entertainment. It provides innovative solutions and services to customers worldwide.",-0.67,-4.831,2,"{""Retail"": 0.56, ""Entertainment"": 0.69}"
General Mills,10148,0153448821,2021,Consumer Goods,288.26,"[""Food & Beverage"", ""Retail"", ""Automotive""]","Food & Beverage, Retail, Automotive","The Company is engaged in food & beverage, retail, automotive. It provides innovative solutions and services to customers worldwide.",-4.3857,-6.291,3,"{""Food & Beverage"": 0.95, ""Retail"": 0.58, ""Automotive"": 0.5}"
General Mills,10148,0153448821,2022,Consumer Goods,299.61,"[""Food & Beverage"", ""Retail"", ""Automotive""]","Food & Beverage, Retail, Automotive","The Company is engaged in food & beverage, retail, automotive. It provides innovative solutions and services to customers worldwide.",-4.0535,-6.7139,3,"{""Food & Beverage"": 0.7, ""Retail"": 0.93, ""Automotive"": 0.91}"
General Mills,10148,0153448821,2023,Consumer Goods,335.47,"[""Food & Beverage"", ""Retail"", ""Automotive""]","Food & Beverage, Retail, Automotive","The Company is engaged in food & beverage, retail, automotive. It provides innovative solutions and services to customers worldwide.",-4.8652,-7.2407,3,"{""Food & Beverage"": 0.91, ""Retail"": 0.74, ""Automotive"": 0.78}"
General Mills,10148,0153448821,2024,Consumer Goods,361.11,"[""Food & Beverage"", ""Retail"", ""Automotive""]","Food & Beverage, Retail, Automotive","The Company is engaged in food & beverage, retail, automotive. It provides innovative solutions and services to customers worldwide.",-4.2345,-7.7504,3,"{""Food & Beverage"": 0.73, ""Retail"": 0.53, ""Automotive"": 0.91}"
General Mills,10148,0153448821,2025,Consumer Goods,386.84,"[""Food & Beverage"", ""Retail"", ""Automotive""]","Food & Beverage, Retail, Automotive","The Company is engaged in food & beverage, retail, automotive. It provides innovative solutions and services to customers worldwide.",-5.206,-7.3854,3,"{""Food & Beverage"": 0.8, ""Retail"": 0.74, ""Automotive"": 0.82}"
Kellogg,10149,0449842028,2021,Consumer Goods,502.99,"[""Entertainment"", ""Personal Care"", ""Retail""]","Entertainment, Personal Care, Retail","The Company is engaged in entertainment, personal care, retail. It provides innovative solutions and services to customers worldwide.",4.074,-6.8252,3,"{""Entertainment"": 0.75, ""Personal Care"": 0.54, ""Retail"": 0.69}"
Kellogg,10149,0449842028,2022,Consumer Goods,577.5,"[""Entertainment"", ""Personal Care"", ""Retail""]","Entertainment, Personal Care, Retail","The Company is engaged in entertainment, personal care, retail. It provides innovative solutions and services to customers worldwide.",4.7365,-5.9683,3,"{""Entertainment"": 0.63, ""Personal Care"": 0.72, ""Retail"": 0.65}"
Kellogg,10149,0449842028,2023,Consumer Goods,627.65,"[""Entertainment"", ""Personal Care"", ""Retail""]","Entertainment, Personal Care, Retail","The Company is engaged in entertainment, personal care, retail. It provides innovative solutions and services to customers worldwide.",5.634,-6.1176,3,"{""Entertainment"": 0.9, ""Personal Care"": 0.59, ""Retail"": 0.89}"
Kellogg,10149,0449842028,2024,Consumer Goods,660.55,"[""Entertainment"", ""Personal Care"", ""Retail""]","Entertainment, Personal Care, Retail","The Company is engaged in entertainment, personal care, retail. It provides innovative solutions and services to customers worldwide.",4.6607,-7.0149,3,"{""Entertainment"": 0.92, ""Personal Care"": 0.52, ""Retail"": 0.66}"
Kellogg,10149,0449842028,2025,Consumer Goods,653.83,"[""Entertainment"", ""Personal Care"", ""Retail""]","Entertainment, Personal Care, Retail","The Company is engaged in entertainment, personal care, retail. It provides innovative solutions and services to customers worldwide.",4.4166,-6.1773,3,"{""Entertainment"": 0.69, ""Personal Care"": 0.67, ""Retail"": 0.91}"
Kraft Heinz,10150,0151257745,2021,Consumer Goods,549.16,"[""Retail"", ""Personal Care"", ""Automotive""]","Retail, Personal Care, Automotive","The Company is engaged in retail, personal care, automotive. It provides innovative solutions and services to customers worldwide.",-5.6065,-4.4261,3,"{""Retail"": 0.9, ""Personal Care"": 0.73, ""Automotive"": 0.85}"
Kraft Heinz,10150,0151257745,2022,Consumer Goods,534.3,"[""Retail"", ""Personal Care"", ""Automotive""]","Retail, Personal Care, Automotive","The Company is engaged in retail, personal care, automotive. It provides innovative solutions and services to customers worldwide.",-4.2126,-2.7825,3,"{""Retail"": 0.56, ""Personal Care"": 0.74, ""Automotive"": 0.62}"
Kraft Heinz,10150,0151257745,2023,Consumer Goods,565.21,"[""Retail"", ""Personal Care"", ""Automotive""]","Retail, Personal Care, Automotive","The Company is engaged in retail, personal care, automotive. It provides innovative solutions and services to customers worldwide.",-4.1435,-3.1218,3,"{""Retail"": 0.94, ""Personal Care"": 0.72, ""Automotive"": 0.53}"
Kraft Heinz,10150,0151257745,2024,Consumer Goods,649.63,"[""Retail"", ""Personal Care"", ""Automotive""]","Retail, Personal Care, Automotive","The Company is engaged in retail, personal care, automotive. It provides innovative solutions and services to customers worldwide.",-3.1798,-2.9758,3,"{""Retail"": 0.69, ""Personal Care"": 0.64, ""Automotive"": 0.91}"
Kraft Heinz,10150,0151257745,2025,Consumer Goods,669.86,"[""Retail"", ""Personal Care"", ""Automotive""]","Retail, Personal Care, Automotive","The Company is engaged in retail, personal care, automotive. It provides innovative solutions and services to customers worldwide.",-2.8181,-3.9432,3,"{""Retail"": 0.52, ""Personal Care"": 0.66, ""Automotive"": 0.62}"
Campbell Soup,10151,0899255403,2021,Consumer Goods,581.64,"[""Entertainment"", ""Retail"", ""Personal Care"", ""Automotive""]","Entertainment, Retail, Personal Care","The Company is engaged in entertainment, retail, personal care. It provides innovative solutions and services to customers worldwide.",-0.9983,-5.2873,4,"{""Entertainment"": 0.92, ""Retail"": 0.73, ""Personal Care"": 0.55, ""Automotive"": 0.74}"
Campbell Soup,10151,0899255403,2022,Consumer Goods,608.69,"[""Entertainment"", ""Retail"", ""Personal Care"", ""Automotive""]","Entertainment, Retail, Personal Care","The Company is engaged in entertainment, retail, personal care. It provides innovative solutions and services to customers worldwide.",-0.8009,-6.0835,4,"{""Entertainment"": 0.78, ""Retail"": 0.5, ""Personal Care"": 0.59, ""Automotive"": 0.72}"
Campbell Soup,10151,0899255403,2023,Consumer Goods,629.91,"[""Entertainment"", ""Retail"", ""Personal Care"", ""Automotive""]","Entertainment, Retail, Personal Care","The Company is engaged in entertainment, retail, personal care. It provides innovative solutions and services to customers worldwide.",-0.9082,-5.668,4,"{""Entertainment"": 0.82, ""Retail"": 0.77, ""Personal Care"": 0.63, ""Automotive"": 0.68}"
Campbell Soup,10151,0899255403,2024,Consumer Goods,601.67,"[""Entertainment"", ""Retail"", ""Personal Care"", ""Automotive""]","Entertainment, Retail, Personal Care","The Company is engaged in entertainment, retail, personal care. It provides innovative solutions and services to customers worldwide.",-1.1683,-6.4177,4,"{""Entertainment"": 0.6, ""Retail"": 0.85, ""Personal Care"": 0.59, ""Automotive"": 0.54}"
Campbell Soup,10151,0899255403,2025,Consumer Goods,581.79,"[""Entertainment"", ""Retail"", ""Personal Care"", ""Automotive""]","Entertainment, Retail, Personal Care","The Company is engaged in entertainment, retail, personal care. It provides innovative solutions and services to customers worldwide.",-1.3873,-6.4291,4,"{""Entertainment"": 0.86, ""Retail"": 0.85, ""Personal Care"": 0.91, ""Automotive"": 0.88}"
Tyson Foods,10152,0886733033,2021,Consumer Goods,615.71,"[""Personal Care"", ""Retail""]","Personal Care, Retail","The Company is engaged in personal care, retail. It provides innovative solutions and services to customers worldwide.",-4.7169,-6.5515,2,"{""Personal Care"": 0.58, ""Retail"": 0.53}"
Tyson Foods,10152,0886733033,2022,Consumer Goods,688.56,"[""Personal Care"", ""Retail""]","Personal Care, Retail","The Company is engaged in personal care, retail. It provides innovative solutions and services to customers worldwide.",-5.0568,-5.7051,2,"{""Personal Care"": 0.75, ""Retail"": 0.91}"
Tyson Foods,10152,0886733033,2023,Consumer Goods,746.3,"[""Personal Care"", ""Retail""]","Personal Care, Retail","The Company is engaged in personal care, retail. It provides innovative solutions and services to customers worldwide.",-5.1563,-5.8742,2,"{""Personal Care"": 0.9, ""Retail"": 0.71}"
Tyson Foods,10152,0886733033,2024,Consumer Goods,829.14,"[""Personal Care"", ""Retail""]","Personal Care, Retail","The Company is engaged in personal care, retail. It provides innovative solutions and services to customers worldwide.",-6.134,-5.5384,2,"{""Personal Care"": 0.94, ""Retail"": 0.62}"
Tyson Foods,10152,0886733033,2025,Consumer Goods,880.4,"[""Personal Care"", ""Retail""]","Personal Care, Retail","The Company is engaged in personal care, retail. It provides innovative solutions and services to customers worldwide.",-6.8294,-5.5471,2,"{""Personal Care"": 0.73, ""Retail"": 0.56}"
Sysco,10153,0924918107,2021,Consumer Goods,487.73,"[""Automotive"", ""Food & Beverage""]","Automotive, Food & Beverage","The Company is engaged in automotive, food & beverage. It provides innovative solutions and services to customers worldwide.",-5.2763,-7.7385,2,"{""Automotive"": 0.68, ""Food & Beverage"": 0.8}"
Sysco,10153,0924918107,2022,Consumer Goods,474.73,"[""Automotive"", ""Food & Beverage""]","Automotive, Food & Beverage","The Company is engaged in automotive, food & beverage. It provides innovative solutions and services to customers worldwide.",-4.8836,-8.1206,2,"{""Automotive"": 0.8, ""Food & Beverage"": 0.65}"
Sysco,10153,0924918107,2023,Consumer Goods,493.94,"[""Automotive"", ""Food & Beverage""]","Automotive, Food & Beverage","The Company is engaged in automotive, food & beverage. It provides innovative solutions and services to customers worldwide.",-4.6229,-6.8239,2,"{""Automotive"": 0.58, ""Food & Beverage"": 0.79}"
Sysco,10153,0924918107,2024,Consumer Goods,560.68,"[""Automotive"", ""Food & Beverage""]","Automotive, Food & Beverage","The Company is engaged in automotive, food & beverage. It provides innovative solutions and services to customers worldwide.",-4.7527,-7.2854,2,"{""Automotive"": 0.73, ""Food & Beverage"": 0.8}"
Sysco,10153,0924918107,2025,Consumer Goods,570.74,"[""Automotive"", ""Food & Beverage""]","Automotive, Food & Beverage","The Company is engaged in automotive, food & beverage. It provides innovative solutions and services to customers worldwide.",-7.06,-7.218,2,"{""Automotive"": 0.82, ""Food & Beverage"": 0.63}"
Caterpillar,10154,0274004634,2021,Industrials,115.65,"[""Manufacturing"", ""Aerospace & Defense"", ""Construction Equipment""]","Manufacturing, Aerospace & Defense, Construction Equipment","The Company is engaged in manufacturing, aerospace & defense, construction equipment. It provides innovative solutions and services to customers worldwide.",-6.0966,5.2977,3,"{""Manufacturing"": 0.73, ""Aerospace & Defense"": 0.71, ""Construction Equipment"": 0.62}"
Caterpillar,10154,0274004634,2022,Industrials,111.88,"[""Manufacturing"", ""Aerospace & Defense"", ""Construction Equipment""]","Manufacturing, Aerospace & Defense, Construction Equipment","The Company is engaged in manufacturing, aerospace & defense, construction equipment. It provides innovative solutions and services to customers worldwide.",-6.6032,5.7665,3,"{""Manufacturing"": 0.77, ""Aerospace & Defense"": 0.53, ""Construction Equipment"": 0.8}"
Caterpillar,10154,0274004634,2023,Industrials,119.49,"[""Manufacturing"", ""Aerospace & Defense"", ""Construction Equipment""]","Manufacturing, Aerospace & Defense, Construction Equipment","The Company is engaged in manufacturing, aerospace & defense, construction equipment. It provides innovative solutions and services to customers worldwide.",-4.9499,6.0755,3,"{""Manufacturing"": 0.69, ""Aerospace & Defense"": 0.59, ""Construction Equipment"": 0.64}"
Caterpillar,10154,0274004634,2024,Industrials,132.14,"[""Manufacturing"", ""Aerospace & Defense"", ""Construction Equipment""]","Manufacturing, Aerospace & Defense, Construction Equipment","The Company is engaged in manufacturing, aerospace & defense, construction equipment. It provides innovative solutions and services to customers worldwide.",-3.235,6.3522,3,"{""Manufacturing"": 0.85, ""Aerospace & Defense"": 0.94, ""Construction Equipment"": 0.63}"
Caterpillar,10154,0274004634,2025,Industrials,145.18,"[""Manufacturing"", ""Aerospace & Defense"", ""Construction Equipment""]","Manufacturing, Aerospace & Defense, Construction Equipment","The Company is engaged in manufacturing, aerospace & defense, construction equipment. It provides innovative solutions and services to customers worldwide.",-3.3998,5.8943,3,"{""Manufacturing"": 0.7, ""Aerospace & Defense"": 0.87, ""Construction Equipment"": 0.75}"
Deere,10155,0872199564,2021,Industrials,172.68,"[""Manufacturing"", ""Industrial Automation"", ""Logistics""]","Manufacturing, Industrial Automation, Logistics","The Company is engaged in manufacturing, industrial automation, logistics. It provides innovative solutions and services to customers worldwide.",3.0106,-1.4044,3,"{""Manufacturing"": 0.62, ""Industrial Automation"": 0.83, ""Logistics"": 0.59}"
Deere,10155,0872199564,2022,Industrials,170.88,"[""Manufacturing"", ""Industrial Automation"", ""Logistics""]","Manufacturing, Industrial Automation, Logistics","The Company is engaged in manufacturing, industrial automation, logistics. It provides innovative solutions and services to customers worldwide.",2.8783,-0.6528,3,"{""Manufacturing"": 0.7, ""Industrial Automation"": 0.68, ""Logistics"": 0.69}"
Deere,10155,0872199564,2023,Industrials,167.46,"[""Manufacturing"", ""Industrial Automation"", ""Logistics""]","Manufacturing, Industrial Automation, Logistics","The Company is engaged in manufacturing, industrial automation, logistics. It provides innovative solutions and services to customers worldwide.",3.3846,1.3933,3,"{""Manufacturing"": 0.53, ""Industrial Automation"": 0.83, ""Logistics"": 0.75}"
Deere,10155,0872199564,2024,Industrials,172.08,"[""Manufacturing"", ""Industrial Automation"", ""Logistics""]","Manufacturing, Industrial Automation, Logistics","The Company is engaged in manufacturing, industrial automation, logistics. It provides innovative solutions and services to customers worldwide.",4.2915,0.9787,3,"{""Manufacturing"": 0.86, ""Industrial Automation"": 0.64, ""Logistics"": 0.53}"
Deere,10155,0872199564,2025,Industrials,190.76,"[""Manufacturing"", ""Industrial Automation"", ""Logistics""]","Manufacturing, Industrial Automation, Logistics","The Company is engaged in manufacturing, industrial automation, logistics. It provides innovative solutions and services to customers worldwide.",4.1625,1.5078,3,"{""Manufacturing"": 0.63, ""Industrial Automation"": 0.79, ""Logistics"": 0.89}"
Boeing,10156,0278859722,2021,Industrials,35.88,"[""Logistics"", ""Manufacturing"", ""Aerospace & Defense"", ""Construction Equipment""]","Logistics, Manufacturing, Aerospace & Defense","The Company is engaged in logistics, manufacturing, aerospace & defense. It provides innovative solutions and services to customers worldwide.",0.8348,2.8383,4,"{""Logistics"": 0.59, ""Manufacturing"": 0.86, ""Aerospace & Defense"": 0.86, ""Construction Equipment"": 0.69}"
Boeing,10156,0278859722,2022,Industrials,37.55,"[""Logistics"", ""Manufacturing"", ""Aerospace & Defense"", ""Construction Equipment""]","Logistics, Manufacturing, Aerospace & Defense","The Company is engaged in logistics, manufacturing, aerospace & defense. It provides innovative solutions and services to customers worldwide.",0.0423,2.0446,4,"{""Logistics"": 0.82, ""Manufacturing"": 0.66, ""Aerospace & Defense"": 0.77, ""Construction Equipment"": 0.67}"
Boeing,10156,0278859722,2023,Industrials,41.66,"[""Logistics"", ""Manufacturing"", ""Aerospace & Defense"", ""Construction Equipment""]","Logistics, Manufacturing, Aerospace & Defense","The Company is engaged in logistics, manufacturing, aerospace & defense. It provides innovative solutions and services to customers worldwide.",0.9152,1.812,4,"{""Logistics"": 0.62, ""Manufacturing"": 0.61, ""Aerospace & Defense"": 0.6, ""Construction Equipment"": 0.65}"
Boeing,10156,0278859722,2024,Industrials,41.4,"[""Logistics"", ""Manufacturing"", ""Aerospace & Defense"", ""Construction Equipment""]","Logistics, Manufacturing, Aerospace & Defense","The Company is engaged in logistics, manufacturing, aerospace & defense. It provides innovative solutions and services to customers worldwide.",-1.4013,1.7439,4,"{""Logistics"": 0.56, ""Manufacturing"": 0.51, ""Aerospace & Defense"": 0.57, ""Construction Equipment"": 0.82}"
Boeing,10156,0278859722,2025,Industrials,44.23,"[""Logistics"", ""Manufacturing"", ""Aerospace & Defense"", ""Construction Equipment""]","Logistics, Manufacturing, Aerospace & Defense","The Company is engaged in logistics, manufacturing, aerospace & defense. It provides innovative solutions and services to customers worldwide.",-1.5594,0.4532,4,"{""Logistics"": 0.9, ""Manufacturing"": 0.9, ""Aerospace & Defense"": 0.84, ""Construction Equipment"": 0.52}"
Lockheed Martin,10157,0422425023,2021,Industrials,46.18,"[""Logistics"", ""Manufacturing"", ""Construction Equipment""]","Logistics, Manufacturing, Construction Equipment","The Company is engaged in logistics, manufacturing, construction equipment. It provides innovative solutions and services to customers worldwide.",-0.4782,-0.1295,3,"{""Logistics"": 0.5, ""Manufacturing"": 0.61, ""Construction Equipment"": 0.92}"
Lockheed Martin,10157,0422425023,2022,Industrials,48.27,"[""Logistics"", ""Manufacturing"", ""Construction Equipment""]","Logistics, Manufacturing, Construction Equipment","The Company is engaged in logistics, manufacturing, construction equipment. It provides innovative solutions and services to customers worldwide.",0.3892,0.0387,3,"{""Logistics"": 0.95, ""Manufacturing"": 0.81, ""Construction Equipment"": 0.53}"
Lockheed Martin,10157,0422425023,2023,Industrials,48.8,"[""Logistics"", ""Manufacturing"", ""Construction Equipment""]","Logistics, Manufacturing, Construction Equipment","The Company is engaged in logistics, manufacturing, construction equipment. It provides innovative solutions and services to customers worldwide.",0.7696,-1.3588,3,"{""Logistics"": 0.54, ""Manufacturing"": 0.5, ""Construction Equipment"": 0.7}"
Lockheed Martin,10157,0422425023,2024,Industrials,56.11,"[""Logistics"", ""Manufacturing"", ""Construction Equipment""]","Logistics, Manufacturing, Construction Equipment","The Company is engaged in logistics, manufacturing, construction equipment. It provides innovative solutions and services to customers worldwide.",0.9746,-0.4041,3,"{""Logistics"": 0.63, ""Manufacturing"": 0.63, ""Construction Equipment"": 0.57}"
Lockheed Martin,10157,0422425023,2025,Industrials,62.2,"[""Logistics"", ""Manufacturing"", ""Construction Equipment""]","Logistics, Manufacturing, Construction Equipment","The Company is engaged in logistics, manufacturing, construction equipment. It provides innovative solutions and services to customers worldwide.",0.5645,-1.0454,3,"{""Logistics"": 0.91, ""Manufacturing"": 0.94, ""Construction Equipment"": 0.6}"
General Electric,10158,0663918670,2021,Industrials,86.8,"[""Aerospace & Defense"", ""Logistics""]","Aerospace & Defense, Logistics","The Company is engaged in aerospace & defense, logistics. It provides innovative solutions and services to customers worldwide.",1.6746,-1.9711,2,"{""Aerospace & Defense"": 0.66, ""Logistics"": 0.72}"
General Electric,10158,0663918670,2022,Industrials,95.12,"[""Aerospace & Defense"", ""Logistics""]","Aerospace & Defense, Logistics","The Company is engaged in aerospace & defense, logistics. It provides innovative solutions and services to customers worldwide.",0.0755,-1.9439,2,"{""Aerospace & Defense"": 0.89, ""Logistics"": 0.92}"
General Electric,10158,0663918670,2023,Industrials,100.83,"[""Aerospace & Defense"", ""Logistics""]","Aerospace & Defense, Logistics","The Company is engaged in aerospace & defense, logistics. It provides innovative solutions and services to customers worldwide.",0.4019,-1.6599,2,"{""Aerospace & Defense"": 0.87, ""Logistics"": 0.64}"
General Electric,10158,0663918670,2024,Industrials,105.22,"[""Aerospace & Defense"", ""Logistics""]","Aerospace & Defense, Logistics","The Company is engaged in aerospace & defense, logistics. It provides innovative solutions and services to customers worldwide.",-0.9037,-2.3838,2,"{""Aerospace & Defense"": 0.63, ""Logistics"": 0.93}"
General Electric,10158,0663918670,2025,Industrials,111.04,"[""Aerospace & Defense"", ""Logistics""]","Aerospace & Defense, Logistics","The Company is engaged in aerospace & defense, logistics. It provides innovative solutions and services to customers worldwide.",-1.4065,-2.6179,2,"{""Aerospace & Defense"": 0.53, ""Logistics"": 0.55}"
Honeywell,10159,0594900191,2021,Industrials,141.59,"[""Construction Equipment"", ""Manufacturing"", ""Industrial Automation"", ""Logistics""]","Construction Equipment, Manufacturing, Industrial Automation","The Company is engaged in construction equipment, manufacturing, industrial automation. It provides innovative solutions and services to customers worldwide.",-0.7839,2.489,4,"{""Construction Equipment"": 0.74, ""Manufacturing"": 0.92, ""Industrial Automation"": 0.77, ""Logistics"": 0.86}"
Honeywell,10159,0594900191,2022,Industrials,141.13,"[""Construction Equipment"", ""Manufacturing"", ""Industrial Automation"", ""Logistics""]","Construction Equipment, Manufacturing, Industrial Automation","The Company is engaged in construction equipment, manufacturing, industrial automation. It provides innovative solutions and services to customers worldwide.",-0.1816,3.1461,4,"{""Construction Equipment"": 0.53, ""Manufacturing"": 0.73, ""Industrial Automation"": 0.56, ""Logistics"": 0.93}"
Honeywell,10159,0594900191,2023,Industrials,145.02,"[""Construction Equipment"", ""Manufacturing"", ""Industrial Automation"", ""Logistics""]","Construction Equipment, Manufacturing, Industrial Automation","The Company is engaged in construction equipment, manufacturing, industrial automation. It provides innovative solutions and services to customers worldwide.",0.4281,2.7832,4,"{""Construction Equipment"": 0.65, ""Manufacturing"": 0.92, ""Industrial Automation"": 0.66, ""Logistics"": 0.68}"
Honeywell,10159,0594900191,2024,Industrials,146.15,"[""Construction Equipment"", ""Manufacturing"", ""Industrial Automation"", ""Logistics""]","Construction Equipment, Manufacturing, Industrial Automation","The Company is engaged in construction equipment, manufacturing, industrial automation. It provides innovative solutions and services to customers worldwide.",0.6764,2.2094,4,"{""Construction Equipment"": 0.76, ""Manufacturing"": 0.77, ""Industrial Automation"": 0.82, ""Logistics"": 0.84}"
Honeywell,10159,0594900191,2025,Industrials,163.32,"[""Construction Equipment"", ""Manufacturing"", ""Industrial Automation"", ""Logistics""]","Construction Equipment, Manufacturing, Industrial Automation","The Company is engaged in construction equipment, manufacturing, industrial automation. It provides innovative solutions and services to customers worldwide.",-0.9811,2.3512,4,"{""Construction Equipment"": 0.64, ""Manufacturing"": 0.73, ""Industrial Automation"": 0.68, ""Logistics"": 0.88}"
3M,10160,0881334126,2021,Industrials,312.14,"[""Manufacturing"", ""Construction Equipment""]","Manufacturing, Construction Equipment","The Company is engaged in manufacturing, construction equipment. It provides innovative solutions and services to customers worldwide.",-7.1811,5.2673,2,"{""Manufacturing"": 0.61, ""Construction Equipment"": 0.59}"
3M,10160,0881334126,2022,Industrials,315.66,"[""Manufacturing"", ""Construction Equipment""]","Manufacturing, Construction Equipment","The Company is engaged in manufacturing, construction equipment. It provides innovative solutions and services to customers worldwide.",-7.9663,6.1803,2,"{""Manufacturing"": 0.57, ""Construction Equipment"": 0.62}"
3M,10160,0881334126,2023,Industrials,321.11,"[""Manufacturing"", ""Construction Equipment""]","Manufacturing, Construction Equipment","The Company is engaged in manufacturing, construction equipment. It provides innovative solutions and services to customers worldwide.",-6.6718,5.7772,2,"{""Manufacturing"": 0.65, ""Construction Equipment"": 0.63}"
3M,10160,0881334126,2024,Industrials,336.25,"[""Manufacturing"", ""Construction Equipment""]","Manufacturing, Construction Equipment","The Company is engaged in manufacturing, construction equipment. It provides innovative solutions and services to customers worldwide.",-7.7379,5.7047,2,"{""Manufacturing"": 0.82, ""Construction Equipment"": 0.51}"
3M,10160,0881334126,2025,Industrials,319.76,"[""Manufacturing"", ""Construction Equipment""]","Manufacturing, Construction Equipment","The Company is engaged in manufacturing, construction equipment. It provides innovative solutions and services to customers worldwide.",-6.811,5.798,2,"{""Manufacturing"": 0.92, ""Construction Equipment"": 0.55}"
Union Pacific,10161,0495066256,2021,Industrials,60.8,"[""Manufacturing"", ""Industrial Automation"", ""Construction Equipment""]","Manufacturing, Industrial Automation, Construction Equipment","The Company is engaged in manufacturing, industrial automation, construction equipment. It provides innovative solutions and services to customers worldwide.",-2.9813,3.3972,3,"{""Manufacturing"": 0.72, ""Industrial Automation"": 0.81, ""Construction Equipment"": 0.89}"
Union Pacific,10161,0495066256,2022,Industrials,67.06,"[""Manufacturing"", ""Industrial Automation"", ""Construction Equipment""]","Manufacturing, Industrial Automation, Construction Equipment","The Company is engaged in manufacturing, industrial automation, construction equipment. It provides innovative solutions and services to customers worldwide.",-1.9302,3.9126,3,"{""Manufacturing"": 0.66, ""Industrial Automation"": 0.62, ""Construction Equipment"": 0.86}"
Union Pacific,10161,0495066256,2023,Industrials,64.64,"[""Manufacturing"", ""Industrial Automation"", ""Construction Equipment""]","Manufacturing, Industrial Automation, Construction Equipment","The Company is engaged in manufacturing, industrial automation, construction equipment. It provides innovative solutions and services to customers worldwide.",-1.2982,3.7201,3,"{""Manufacturing"": 0.53, ""Industrial Automation"": 0.92, ""Construction Equipment"": 0.79}"
Union Pacific,10161,0495066256,2024,Industrials,70.1,"[""Manufacturing"", ""Industrial Automation"", ""Construction Equipment""]","Manufacturing, Industrial Automation, Construction Equipment","The Company is engaged in manufacturing, industrial automation, construction equipment. It provides innovative solutions and services to customers worldwide.",-0.2034,3.2033,3,"{""Manufacturing"": 0.74, ""Industrial Automation"": 0.54, ""Construction Equipment"": 0.87}"
Union Pacific,10161,0495066256,2025,Industrials,78.52,"[""Manufacturing"", ""Industrial Automation"", ""Construction Equipment""]","Manufacturing, Industrial Automation, Construction Equipment","The Company is engaged in manufacturing, industrial automation, construction equipment. It provides innovative solutions and services to customers worldwide.",-0.3442,3.3606,3,"{""Manufacturing"": 0.9, ""Industrial Automation"": 0.75, ""Construction Equipment"": 0.8}"
FedEx,10162,0667954947,2021,Industrials,205.32,"[""Logistics"", ""Aerospace & Defense""]","Logistics, Aerospace & Defense","The Company is engaged in logistics, aerospace & defense. It provides innovative solutions and services to customers worldwide.",0.1987,-2.2252,2,"{""Logistics"": 0.84, ""Aerospace & Defense"": 0.64}"
FedEx,10162,0667954947,2022,Industrials,195.25,"[""Logistics"", ""Aerospace & Defense""]","Logistics, Aerospace & Defense","The Company is engaged in logistics, aerospace & defense. It provides innovative solutions and services to customers worldwide.",0.9603,-0.3459,2,"{""Logistics"": 0.53, ""Aerospace & Defense"": 0.63}"
FedEx,10162,0667954947,2023,Industrials,220.95,"[""Logistics"", ""Aerospace & Defense""]","Logistics, Aerospace & Defense","The Company is engaged in logistics, aerospace & defense. It provides innovative solutions and services to customers worldwide.",0.4263,0.2577,2,"{""Logistics"": 0.54, ""Aerospace & Defense"": 0.71}"
FedEx,10162,0667954947,2024,Industrials,228.19,"[""Logistics"", ""Aerospace & Defense""]","Logistics, Aerospace & Defense","The Company is engaged in logistics, aerospace & defense. It provides innovative solutions and services to customers worldwide.",0.6667,0.9171,2,"{""Logistics"": 0.63, ""Aerospace & Defense"": 0.67}"
FedEx,10162,0667954947,2025,Industrials,261.0,"[""Logistics"", ""Aerospace & Defense""]","Logistics, Aerospace & Defense","The Company is engaged in logistics, aerospace & defense. It provides innovative solutions and services to customers worldwide.",-0.9434,0.9966,2,"{""Logistics"": 0.92, ""Aerospace & Defense"": 0.89}"
UPS,10163,0838003547,2021,Industrials,56.13,"[""Logistics"", ""Construction Equipment"", ""Manufacturing""]","Logistics, Construction Equipment, Manufacturing","The Company is engaged in logistics, construction equipment, manufacturing. It provides innovative solutions and services to customers worldwide.",-3.1765,0.9148,3,"{""Logistics"": 0.87, ""Construction Equipment"": 0.85, ""Manufacturing"": 0.52}"
UPS,10163,0838003547,2022,Industrials,63.82,"[""Logistics"", ""Construction Equipment"", ""Manufacturing""]","Logistics, Construction Equipment, Manufacturing","The Company is engaged in logistics, construction equipment, manufacturing. It provides innovative solutions and services to customers worldwide.",-3.0441,-0.1909,3,"{""Logistics"": 0.88, ""Construction Equipment"": 0.88, ""Manufacturing"": 0.64}"
UPS,10163,0838003547,2023,Industrials,62.64,"[""Logistics"", ""Construction Equipment"", ""Manufacturing""]","Logistics, Construction Equipment, Manufacturing","The Company is engaged in logistics, construction equipment, manufacturing. It provides innovative solutions and services to customers worldwide.",-3.8851,-2.2163,3,"{""Logistics"": 0.51, ""Construction Equipment"": 0.93, ""Manufacturing"": 0.61}"
UPS,10163,0838003547,2024,Industrials,71.14,"[""Logistics"", ""Construction Equipment"", ""Manufacturing""]","Logistics, Construction Equipment, Manufacturing","The Company is engaged in logistics, construction equipment, manufacturing. It provides innovative solutions and services to customers worldwide.",-4.0668,-2.3297,3,"{""Logistics"": 0.76, ""Construction Equipment"": 0.8, ""Manufacturing"": 0.91}"
UPS,10163,0838003547,2025,Industrials,68.13,"[""Logistics"", ""Construction Equipment"", ""Manufacturing""]","Logistics, Construction Equipment, Manufacturing","The Company is engaged in logistics, construction equipment, manufacturing. It provides innovative solutions and services to customers worldwide.",-3.1104,-3.5449,3,"{""Logistics"": 0.58, ""Construction Equipment"": 0.87, ""Manufacturing"": 0.85}"
Raytheon,10164,0532257080,2021,Industrials,125.13,"[""Manufacturing"", ""Construction Equipment"", ""Aerospace & Defense"", ""Industrial Automation""]","Manufacturing, Construction Equipment, Aerospace & Defense","The Company is engaged in manufacturing, construction equipment, aerospace & defense. It provides innovative solutions and services to customers worldwide.",-3.0912,3.102,4,"{""Manufacturing"": 0.54, ""Construction Equipment"": 0.66, ""Aerospace & Defense"": 0.84, ""Industrial Automation"": 0.75}"
Raytheon,10164,0532257080,2022,Industrials,131.22,"[""Manufacturing"", ""Construction Equipment"", ""Aerospace & Defense"", ""Industrial Automation""]","Manufacturing, Construction Equipment, Aerospace & Defense","The Company is engaged in manufacturing, construction equipment, aerospace & defense. It provides innovative solutions and services to customers worldwide.",-2.7221,4.1427,4,"{""Manufacturing"": 0.52, ""Construction Equipment"": 0.94, ""Aerospace & Defense"": 0.67, ""Industrial Automation"": 0.57}"
Raytheon,10164,0532257080,2023,Industrials,140.03,"[""Manufacturing"", ""Construction Equipment"", ""Aerospace & Defense"", ""Industrial Automation""]","Manufacturing, Construction Equipment, Aerospace & Defense","The Company is engaged in manufacturing, construction equipment, aerospace & defense. It provides innovative solutions and services to customers worldwide.",-3.708,4.9047,4,"{""Manufacturing"": 0.76, ""Construction Equipment"": 0.7, ""Aerospace & Defense"": 0.88, ""Industrial Automation"": 0.62}"
Raytheon,10164,0532257080,2024,Industrials,151.62,"[""Manufacturing"", ""Construction Equipment"", ""Aerospace & Defense"", ""Industrial Automation""]","Manufacturing, Construction Equipment, Aerospace & Defense","The Company is engaged in manufacturing, construction equipment, aerospace & defense. It provides innovative solutions and services to customers worldwide.",-2.3494,3.0531,4,"{""Manufacturing"": 0.85, ""Construction Equipment"": 0.68, ""Aerospace & Defense"": 0.79, ""Industrial Automation"": 0.57}"
Raytheon,10164,0532257080,2025,Industrials,166.16,"[""Manufacturing"", ""Construction Equipment"", ""Aerospace & Defense"", ""Industrial Automation""]","Manufacturing, Construction Equipment, Aerospace & Defense","The Company is engaged in manufacturing, construction equipment, aerospace & defense. It provides innovative solutions and services to customers worldwide.",-2.4875,3.5641,4,"{""Manufacturing"": 0.51, ""Construction Equipment"": 0.59, ""Aerospace & Defense"": 0.72, ""Industrial Automation"": 0.9}"
Northrop Grumman,10165,0217059972,2021,Industrials,109.04,"[""Industrial Automation"", ""Logistics"", ""Construction Equipment"", ""Manufacturing""]","Industrial Automation, Logistics, Construction Equipment","The Company is engaged in industrial automation, logistics, construction equipment. It provides innovative solutions and services to customers worldwide.",-0.3118,0.2895,4,"{""Industrial Automation"": 0.7, ""Logistics"": 0.65, ""Construction Equipment"": 0.67, ""Manufacturing"": 0.61}"
Northrop Grumman,10165,0217059972,2022,Industrials,103.88,"[""Industrial Automation"", ""Logistics"", ""Construction Equipment"", ""Manufacturing""]","Industrial Automation, Logistics, Construction Equipment","The Company is engaged in industrial automation, logistics, construction equipment. It provides innovative solutions and services to customers worldwide.",-0.2788,0.9334,4,"{""Industrial Automation"": 0.51, ""Logistics"": 0.94, ""Construction Equipment"": 0.6, ""Manufacturing"": 0.86}"
Northrop Grumman,10165,0217059972,2023,Industrials,98.87,"[""Industrial Automation"", ""Logistics"", ""Construction Equipment"", ""Manufacturing""]","Industrial Automation, Logistics, Construction Equipment","The Company is engaged in industrial automation, logistics, construction equipment. It provides innovative solutions and services to customers worldwide.",-0.1233,1.7525,4,"{""Industrial Automation"": 0.62, ""Logistics"": 0.68, ""Construction Equipment"": 0.71, ""Manufacturing"": 0.63}"
Northrop Grumman,10165,0217059972,2024,Industrials,104.29,"[""Industrial Automation"", ""Logistics"", ""Construction Equipment"", ""Manufacturing""]","Industrial Automation, Logistics, Construction Equipment","The Company is engaged in industrial automation, logistics, construction equipment. It provides innovative solutions and services to customers worldwide.",-0.0556,1.4016,4,"{""Industrial Automation"": 0.63, ""Logistics"": 0.52, ""Construction Equipment"": 0.95, ""Manufacturing"": 0.72}"
Northrop Grumman,10165,0217059972,2025,Industrials,99.98,"[""Industrial Automation"", ""Logistics"", ""Construction Equipment"", ""Manufacturing""]","Industrial Automation, Logistics, Construction Equipment","The Company is engaged in industrial automation, logistics, construction equipment. It provides innovative solutions and services to customers worldwide.",-0.2922,2.6721,4,"{""Industrial Automation"": 0.64, ""Logistics"": 0.64, ""Construction Equipment"": 0.88, ""Manufacturing"": 0.79}"
L3Harris,10166,0209220582,2021,Industrials,277.07,"[""Aerospace & Defense"", ""Industrial Automation""]","Aerospace & Defense, Industrial Automation","The Company is engaged in aerospace & defense, industrial automation. It provides innovative solutions and services to customers worldwide.",-2.6924,6.1824,2,"{""Aerospace & Defense"": 0.59, ""Industrial Automation"": 0.73}"
L3Harris,10166,0209220582,2022,Industrials,294.91,"[""Aerospace & Defense"", ""Industrial Automation""]","Aerospace & Defense, Industrial Automation","The Company is engaged in aerospace & defense, industrial automation. It provides innovative solutions and services to customers worldwide.",-2.5453,5.8509,2,"{""Aerospace & Defense"": 0.91, ""Industrial Automation"": 0.56}"
L3Harris,10166,0209220582,2023,Industrials,304.34,"[""Aerospace & Defense"", ""Industrial Automation""]","Aerospace & Defense, Industrial Automation","The Company is engaged in aerospace & defense, industrial automation. It provides innovative solutions and services to customers worldwide.",-1.7145,5.9254,2,"{""Aerospace & Defense"": 0.72, ""Industrial Automation"": 0.53}"
L3Harris,10166,0209220582,2024,Industrials,346.65,"[""Aerospace & Defense"", ""Industrial Automation""]","Aerospace & Defense, Industrial Automation","The Company is engaged in aerospace & defense, industrial automation. It provides innovative solutions and services to customers worldwide.",-2.4636,4.9784,2,"{""Aerospace & Defense"": 0.63, ""Industrial Automation"": 0.71}"
L3Harris,10166,0209220582,2025,Industrials,363.05,"[""Aerospace & Defense"", ""Industrial Automation""]","Aerospace & Defense, Industrial Automation","The Company is engaged in aerospace & defense, industrial automation. It provides innovative solutions and services to customers worldwide.",-3.2156,5.3597,2,"{""Aerospace & Defense"": 0.83, ""Industrial Automation"": 0.89}"
Textron,10167,0642279432,2021,Industrials,293.65,"[""Construction Equipment"", ""Aerospace & Defense""]","Construction Equipment, Aerospace & Defense","The Company is engaged in construction equipment, aerospace & defense. It provides innovative solutions and services to customers worldwide.",-6.4425,4.7506,2,"{""Construction Equipment"": 0.7, ""Aerospace & Defense"": 0.78}"
Textron,10167,0642279432,2022,Industrials,335.48,"[""Construction Equipment"", ""Aerospace & Defense""]","Construction Equipment, Aerospace & Defense","The Company is engaged in construction equipment, aerospace & defense. It provides innovative solutions and services to customers worldwide.",-6.7143,4.9358,2,"{""Construction Equipment"": 0.9, ""Aerospace & Defense"": 0.62}"
Textron,10167,0642279432,2023,Industrials,349.69,"[""Construction Equipment"", ""Aerospace & Defense""]","Construction Equipment, Aerospace & Defense","The Company is engaged in construction equipment, aerospace & defense. It provides innovative solutions and services to customers worldwide.",-6.6544,5.9907,2,"{""Construction Equipment"": 0.64, ""Aerospace & Defense"": 0.76}"
Textron,10167,0642279432,2024,Industrials,376.22,"[""Construction Equipment"", ""Aerospace & Defense""]","Construction Equipment, Aerospace & Defense","The Company is engaged in construction equipment, aerospace & defense. It provides innovative solutions and services to customers worldwide.",-7.1404,7.2453,2,"{""Construction Equipment"": 0.81, ""Aerospace & Defense"": 0.82}"
Textron,10167,0642279432,2025,Industrials,375.6,"[""Construction Equipment"", ""Aerospace & Defense""]","Construction Equipment, Aerospace & Defense","The Company is engaged in construction equipment, aerospace & defense. It provides innovative solutions and services to customers worldwide.",-8.4858,7.0089,2,"{""Construction Equipment"": 0.72, ""Aerospace & Defense"": 0.9}"
General Dynamics,10168,0651248658,2021,Industrials,270.77,"[""Industrial Automation"", ""Aerospace & Defense"", ""Manufacturing""]","Industrial Automation, Aerospace & Defense, Manufacturing","The Company is engaged in industrial automation, aerospace & defense, manufacturing. It provides innovative solutions and services to customers worldwide.",-3.8424,4.0141,3,"{""Industrial Automation"": 0.6, ""Aerospace & Defense"": 0.92, ""Manufacturing"": 0.77}"
General Dynamics,10168,0651248658,2022,Industrials,290.0,"[""Industrial Automation"", ""Aerospace & Defense"", ""Manufacturing""]","Industrial Automation, Aerospace & Defense, Manufacturing","The Company is engaged in industrial automation, aerospace & defense, manufacturing. It provides innovative solutions and services to customers worldwide.",-3.8116,2.1035,3,"{""Industrial Automation"": 0.75, ""Aerospace & Defense"": 0.72, ""Manufacturing"": 0.73}"
General Dynamics,10168,0651248658,2023,Industrials,306.92,"[""Industrial Automation"", ""Aerospace & Defense"", ""Manufacturing""]","Industrial Automation, Aerospace & Defense, Manufacturing","The Company is engaged in industrial automation, aerospace & defense, manufacturing. It provides innovative solutions and services to customers worldwide.",-3.4507,1.7301,3,"{""Industrial Automation"": 0.56, ""Aerospace & Defense"": 0.84, ""Manufacturing"": 0.92}"
General Dynamics,10168,0651248658,2024,Industrials,299.89,"[""Industrial Automation"", ""Aerospace & Defense"", ""Manufacturing""]","Industrial Automation, Aerospace & Defense, Manufacturing","The Company is engaged in industrial automation, aerospace & defense, manufacturing. It provides innovative solutions and services to customers worldwide.",-3.5699,2.137,3,"{""Industrial Automation"": 0.73, ""Aerospace & Defense"": 0.55, ""Manufacturing"": 0.92}"
General Dynamics,10168,0651248658,2025,Industrials,309.28,"[""Industrial Automation"", ""Aerospace & Defense"", ""Manufacturing""]","Industrial Automation, Aerospace & Defense, Manufacturing","The Company is engaged in industrial automation, aerospace & defense, manufacturing. It provides innovative solutions and services to customers worldwide.",-4.0312,1.5467,3,"{""Industrial Automation"": 0.67, ""Aerospace & Defense"": 0.86, ""Manufacturing"": 0.71}"
Emerson Electric,10169,0833444088,2021,Industrials,278.89,"[""Manufacturing"", ""Industrial Automation""]","Manufacturing, Industrial Automation","The Company is engaged in manufacturing, industrial automation. It provides innovative solutions and services to customers worldwide.",-0.5234,3.9412,2,"{""Manufacturing"": 0.94, ""Industrial Automation"": 0.61}"
Emerson Electric,10169,0833444088,2022,Industrials,296.71,"[""Manufacturing"", ""Industrial Automation""]","Manufacturing, Industrial Automation","The Company is engaged in manufacturing, industrial automation. It provides innovative solutions and services to customers worldwide.",-0.4064,4.845,2,"{""Manufacturing"": 0.65, ""Industrial Automation"": 0.75}"
Emerson Electric,10169,0833444088,2023,Industrials,303.71,"[""Manufacturing"", ""Industrial Automation""]","Manufacturing, Industrial Automation","The Company is engaged in manufacturing, industrial automation. It provides innovative solutions and services to customers worldwide.",0.0784,4.5757,2,"{""Manufacturing"": 0.56, ""Industrial Automation"": 0.81}"
Emerson Electric,10169,0833444088,2024,Industrials,347.33,"[""Manufacturing"", ""Industrial Automation""]","Manufacturing, Industrial Automation","The Company is engaged in manufacturing, industrial automation. It provides innovative solutions and services to customers worldwide.",0.4799,4.0448,2,"{""Manufacturing"": 0.85, ""Industrial Automation"": 0.51}"
Emerson Electric,10169,0833444088,2025,Industrials,387.3,"[""Manufacturing"", ""Industrial Automation""]","Manufacturing, Industrial Automation","The Company is engaged in manufacturing, industrial automation. It provides innovative solutions and services to customers worldwide.",1.7727,4.7057,2,"{""Manufacturing"": 0.53, ""Industrial Automation"": 0.72}"
Rockwell Automation,10170,0251916750,2021,Industrials,63.38,"[""Construction Equipment"", ""Manufacturing""]","Construction Equipment, Manufacturing","The Company is engaged in construction equipment, manufacturing. It provides innovative solutions and services to customers worldwide.",-6.8367,2.0818,2,"{""Construction Equipment"": 0.65, ""Manufacturing"": 0.84}"
Rockwell Automation,10170,0251916750,2022,Industrials,71.56,"[""Construction Equipment"", ""Manufacturing""]","Construction Equipment, Manufacturing","The Company is engaged in construction equipment, manufacturing. It provides innovative solutions and services to customers worldwide.",-8.4271,0.5592,2,"{""Construction Equipment"": 0.56, ""Manufacturing"": 0.56}"
Rockwell Automation,10170,0251916750,2023,Industrials,74.16,"[""Construction Equipment"", ""Manufacturing""]","Construction Equipment, Manufacturing","The Company is engaged in construction equipment, manufacturing. It provides innovative solutions and services to customers worldwide.",-8.2596,0.1104,2,"{""Construction Equipment"": 0.84, ""Manufacturing"": 0.95}"
Rockwell Automation,10170,0251916750,2024,Industrials,72.0,"[""Construction Equipment"", ""Manufacturing""]","Construction Equipment, Manufacturing","The Company is engaged in construction equipment, manufacturing. It provides innovative solutions and services to customers worldwide.",-8.588,0.2266,2,"{""Construction Equipment"": 0.9, ""Manufacturing"": 0.74}"
Rockwell Automation,10170,0251916750,2025,Industrials,81.76,"[""Construction Equipment"", ""Manufacturing""]","Construction Equipment, Manufacturing","The Company is engaged in construction equipment, manufacturing. It provides innovative solutions and services to customers worldwide.",-8.364,0.4307,2,"{""Construction Equipment"": 0.93, ""Manufacturing"": 0.75}"
Parker Hannifin,10171,0490928651,2021,Industrials,228.84,"[""Manufacturing"", ""Logistics"", ""Construction Equipment""]","Manufacturing, Logistics, Construction Equipment","The Company is engaged in manufacturing, logistics, construction equipment. It provides innovative solutions and services to customers worldwide.",-3.615,-0.6303,3,"{""Manufacturing"": 0.62, ""Logistics"": 0.9, ""Construction Equipment"": 0.52}"
Parker Hannifin,10171,0490928651,2022,Industrials,218.83,"[""Manufacturing"", ""Logistics"", ""Construction Equipment""]","Manufacturing, Logistics, Construction Equipment","The Company is engaged in manufacturing, logistics, construction equipment. It provides innovative solutions and services to customers worldwide.",-2.8417,-1.1714,3,"{""Manufacturing"": 0.94, ""Logistics"": 0.74, ""Construction Equipment"": 0.64}"
Parker Hannifin,10171,0490928651,2023,Industrials,251.19,"[""Manufacturing"", ""Logistics"", ""Construction Equipment""]","Manufacturing, Logistics, Construction Equipment","The Company is engaged in manufacturing, logistics, construction equipment. It provides innovative solutions and services to customers worldwide.",-3.311,-1.3201,3,"{""Manufacturing"": 0.52, ""Logistics"": 0.79, ""Construction Equipment"": 0.7}"
Parker Hannifin,10171,0490928651,2024,Industrials,273.94,"[""Manufacturing"", ""Logistics"", ""Construction Equipment""]","Manufacturing, Logistics, Construction Equipment","The Company is engaged in manufacturing, logistics, construction equipment. It provides innovative solutions and services to customers worldwide.",-4.5574,0.9467,3,"{""Manufacturing"": 0.53, ""Logistics"": 0.59, ""Construction Equipment"": 0.6}"
Parker Hannifin,10171,0490928651,2025,Industrials,291.66,"[""Manufacturing"", ""Logistics"", ""Construction Equipment""]","Manufacturing, Logistics, Construction Equipment","The Company is engaged in manufacturing, logistics, construction equipment. It provides innovative solutions and services to customers worldwide.",-5.1853,1.4277,3,"{""Manufacturing"": 0.6, ""Logistics"": 0.89, ""Construction Equipment"": 0.92}"
Illinois Tool Works,10172,0179426740,2021,Industrials,39.82,"[""Aerospace & Defense"", ""Industrial Automation""]","Aerospace & Defense, Industrial Automation","The Company is engaged in aerospace & defense, industrial automation. It provides innovative solutions and services to customers worldwide.",1.3672,3.8165,2,"{""Aerospace & Defense"": 0.73, ""Industrial Automation"": 0.62}"
Illinois Tool Works,10172,0179426740,2022,Industrials,43.46,"[""Aerospace & Defense"", ""Industrial Automation""]","Aerospace & Defense, Industrial Automation","The Company is engaged in aerospace & defense, industrial automation. It provides innovative solutions and services to customers worldwide.",0.0667,1.8112,2,"{""Aerospace & Defense"": 0.92, ""Industrial Automation"": 0.65}"
Illinois Tool Works,10172,0179426740,2023,Industrials,46.02,"[""Aerospace & Defense"", ""Industrial Automation""]","Aerospace & Defense, Industrial Automation","The Company is engaged in aerospace & defense, industrial automation. It provides innovative solutions and services to customers worldwide.",0.0629,1.3362,2,"{""Aerospace & Defense"": 0.58, ""Industrial Automation"": 0.84}"
Illinois Tool Works,10172,0179426740,2024,Industrials,50.2,"[""Aerospace & Defense"", ""Industrial Automation""]","Aerospace & Defense, Industrial Automation","The Company is engaged in aerospace & defense, industrial automation. It provides innovative solutions and services to customers worldwide.",0.2991,1.1456,2,"{""Aerospace & Defense"": 0.7, ""Industrial Automation"": 0.74}"
Illinois Tool Works,10172,0179426740,2025,Industrials,51.44,"[""Aerospace & Defense"", ""Industrial Automation""]","Aerospace & Defense, Industrial Automation","The Company is engaged in aerospace & defense, industrial automation. It provides innovative solutions and services to customers worldwide.",0.2449,2.099,2,"{""Aerospace & Defense"": 0.72, ""Industrial Automation"": 0.76}"
Fortive,10173,0912082364,2021,Industrials,44.45,"[""Aerospace & Defense"", ""Construction Equipment"", ""Logistics"", ""Industrial Automation""]","Aerospace & Defense, Construction Equipment, Logistics","The Company is engaged in aerospace & defense, construction equipment, logistics. It provides innovative solutions and services to customers worldwide.",1.2408,-0.8715,4,"{""Aerospace & Defense"": 0.94, ""Construction Equipment"": 0.75, ""Logistics"": 0.81, ""Industrial Automation"": 0.65}"
Fortive,10173,0912082364,2022,Industrials,48.0,"[""Aerospace & Defense"", ""Construction Equipment"", ""Logistics"", ""Industrial Automation""]","Aerospace & Defense, Construction Equipment, Logistics","The Company is engaged in aerospace & defense, construction equipment, logistics. It provides innovative solutions and services to customers worldwide.",0.7633,-2.211,4,"{""Aerospace & Defense"": 0.51, ""Construction Equipment"": 0.86, ""Logistics"": 0.74, ""Industrial Automation"": 0.63}"
Fortive,10173,0912082364,2023,Industrials,48.0,"[""Aerospace & Defense"", ""Construction Equipment"", ""Logistics"", ""Industrial Automation""]","Aerospace & Defense, Construction Equipment, Logistics","The Company is engaged in aerospace & defense, construction equipment, logistics. It provides innovative solutions and services to customers worldwide.",1.0142,-1.6782,4,"{""Aerospace & Defense"": 0.53, ""Construction Equipment"": 0.81, ""Logistics"": 0.76, ""Industrial Automation"": 0.68}"
Fortive,10173,0912082364,2024,Industrials,52.03,"[""Aerospace & Defense"", ""Construction Equipment"", ""Logistics"", ""Industrial Automation""]","Aerospace & Defense, Construction Equipment, Logistics","The Company is engaged in aerospace & defense, construction equipment, logistics. It provides innovative solutions and services to customers worldwide.",0.0321,-2.1512,4,"{""Aerospace & Defense"": 0.94, ""Construction Equipment"": 0.58, ""Logistics"": 0.77, ""Industrial Automation"": 0.69}"
Fortive,10173,0912082364,2025,Industrials,58.01,"[""Aerospace & Defense"", ""Construction Equipment"", ""Logistics"", ""Industrial Automation""]","Aerospace & Defense, Construction Equipment, Logistics","The Company is engaged in aerospace & defense, construction equipment, logistics. It provides innovative solutions and services to customers worldwide.",-1.2639,-2.4322,4,"{""Aerospace & Defense"": 0.72, ""Construction Equipment"": 0.74, ""Logistics"": 0.64, ""Industrial Automation"": 0.58}"
Danaher,10174,0468982315,2021,Industrials,50.13,"[""Aerospace & Defense"", ""Logistics"", ""Manufacturing"", ""Construction Equipment""]","Aerospace & Defense, Logistics, Manufacturing","The Company is engaged in aerospace & defense, logistics, manufacturing. It provides innovative solutions and services to customers worldwide.",-2.347,0.4414,4,"{""Aerospace & Defense"": 0.59, ""Logistics"": 0.59, ""Manufacturing"": 0.51, ""Construction Equipment"": 0.9}"
Danaher,10174,0468982315,2022,Industrials,50.43,"[""Aerospace & Defense"", ""Logistics"", ""Manufacturing"", ""Construction Equipment""]","Aerospace & Defense, Logistics, Manufacturing","The Company is engaged in aerospace & defense, logistics, manufacturing. It provides innovative solutions and services to customers worldwide.",-2.8727,-0.1168,4,"{""Aerospace & Defense"": 0.56, ""Logistics"": 0.79, ""Manufacturing"": 0.53, ""Construction Equipment"": 0.56}"
Danaher,10174,0468982315,2023,Industrials,55.05,"[""Aerospace & Defense"", ""Logistics"", ""Manufacturing"", ""Construction Equipment""]","Aerospace & Defense, Logistics, Manufacturing","The Company is engaged in aerospace & defense, logistics, manufacturing. It provides innovative solutions and services to customers worldwide.",-3.9607,0.8655,4,"{""Aerospace & Defense"": 0.75, ""Logistics"": 0.62, ""Manufacturing"": 0.79, ""Construction Equipment"": 0.55}"
Danaher,10174,0468982315,2024,Industrials,55.25,"[""Aerospace & Defense"", ""Logistics"", ""Manufacturing"", ""Construction Equipment""]","Aerospace & Defense, Logistics, Manufacturing","The Company is engaged in aerospace & defense, logistics, manufacturing. It provides innovative solutions and services to customers worldwide.",-5.8836,1.9794,4,"{""Aerospace & Defense"": 0.77, ""Logistics"": 0.89, ""Manufacturing"": 0.95, ""Construction Equipment"": 0.77}"
Danaher,10174,0468982315,2025,Industrials,55.32,"[""Aerospace & Defense"", ""Logistics"", ""Manufacturing"", ""Construction Equipment""]","Aerospace & Defense, Logistics, Manufacturing","The Company is engaged in aerospace & defense, logistics, manufacturing. It provides innovative solutions and services to customers worldwide.",-6.9963,1.5936,4,"{""Aerospace & Defense"": 0.72, ""Logistics"": 0.67, ""Manufacturing"": 0.91, ""Construction Equipment"": 0.67}"
Roper Technologies,10175,0630190479,2021,Industrials,165.62,"[""Manufacturing"", ""Industrial Automation"", ""Logistics""]","Manufacturing, Industrial Automation, Logistics","The Company is engaged in manufacturing, industrial automation, logistics. It provides innovative solutions and services to customers worldwide.",-0.0306,0.9461,3,"{""Manufacturing"": 0.89, ""Industrial Automation"": 0.7, ""Logistics"": 0.65}"
Roper Technologies,10175,0630190479,2022,Industrials,173.78,"[""Manufacturing"", ""Industrial Automation"", ""Logistics""]","Manufacturing, Industrial Automation, Logistics","The Company is engaged in manufacturing, industrial automation, logistics. It provides innovative solutions and services to customers worldwide.",-0.1776,0.0677,3,"{""Manufacturing"": 0.68, ""Industrial Automation"": 0.81, ""Logistics"": 0.69}"
Roper Technologies,10175,0630190479,2023,Industrials,193.15,"[""Manufacturing"", ""Industrial Automation"", ""Logistics""]","Manufacturing, Industrial Automation, Logistics","The Company is engaged in manufacturing, industrial automation, logistics. It provides innovative solutions and services to customers worldwide.",-0.0968,0.4434,3,"{""Manufacturing"": 0.55, ""Industrial Automation"": 0.68, ""Logistics"": 0.65}"
Roper Technologies,10175,0630190479,2024,Industrials,186.52,"[""Manufacturing"", ""Industrial Automation"", ""Logistics""]","Manufacturing, Industrial Automation, Logistics","The Company is engaged in manufacturing, industrial automation, logistics. It provides innovative solutions and services to customers worldwide.",0.7741,0.611,3,"{""Manufacturing"": 0.53, ""Industrial Automation"": 0.88, ""Logistics"": 0.6}"
Roper Technologies,10175,0630190479,2025,Industrials,208.27,"[""Manufacturing"", ""Industrial Automation"", ""Logistics""]","Manufacturing, Industrial Automation, Logistics","The Company is engaged in manufacturing, industrial automation, logistics. It provides innovative solutions and services to customers worldwide.",1.1788,2.2037,3,"{""Manufacturing"": 0.56, ""Industrial Automation"": 0.56, ""Logistics"": 0.75}"
IDEXX,10176,0943439897,2021,Industrials,231.68,"[""Logistics"", ""Industrial Automation"", ""Construction Equipment"", ""Aerospace & Defense""]","Logistics, Industrial Automation, Construction Equipment","The Company is engaged in logistics, industrial automation, construction equipment. It provides innovative solutions and services to customers worldwide.",2.5669,1.1348,4,"{""Logistics"": 0.53, ""Industrial Automation"": 0.67, ""Construction Equipment"": 0.73, ""Aerospace & Defense"": 0.75}"
IDEXX,10176,0943439897,2022,Industrials,248.49,"[""Logistics"", ""Industrial Automation"", ""Construction Equipment"", ""Aerospace & Defense""]","Logistics, Industrial Automation, Construction Equipment","The Company is engaged in logistics, industrial automation, construction equipment. It provides innovative solutions and services to customers worldwide.",1.8953,2.1925,4,"{""Logistics"": 0.76, ""Industrial Automation"": 0.75, ""Construction Equipment"": 0.79, ""Aerospace & Defense"": 0.62}"
IDEXX,10176,0943439897,2023,Industrials,277.83,"[""Logistics"", ""Industrial Automation"", ""Construction Equipment"", ""Aerospace & Defense""]","Logistics, Industrial Automation, Construction Equipment","The Company is engaged in logistics, industrial automation, construction equipment. It provides innovative solutions and services to customers worldwide.",1.8962,0.9569,4,"{""Logistics"": 0.82, ""Industrial Automation"": 0.86, ""Construction Equipment"": 0.66, ""Aerospace & Defense"": 0.68}"
IDEXX,10176,0943439897,2024,Industrials,267.34,"[""Logistics"", ""Industrial Automation"", ""Construction Equipment"", ""Aerospace & Defense""]","Logistics, Industrial Automation, Construction Equipment","The Company is engaged in logistics, industrial automation, construction equipment. It provides innovative solutions and services to customers worldwide.",0.9069,0.6156,4,"{""Logistics"": 0.77, ""Industrial Automation"": 0.95, ""Construction Equipment"": 0.58, ""Aerospace & Defense"": 0.52}"
IDEXX,10176,0943439897,2025,Industrials,298.34,"[""Logistics"", ""Industrial Automation"", ""Construction Equipment"", ""Aerospace & Defense""]","Logistics, Industrial Automation, Construction Equipment","The Company is engaged in logistics, industrial automation, construction equipment. It provides innovative solutions and services to customers worldwide.",0.3336,1.2633,4,"{""Logistics"": 0.82, ""Industrial Automation"": 0.93, ""Construction Equipment"": 0.68, ""Aerospace & Defense"": 0.8}"
Fastenal,10177,0231834832,2021,Industrials,198.3,"[""Manufacturing"", ""Construction Equipment""]","Manufacturing, Construction Equipment","The Company is engaged in manufacturing, construction equipment. It provides innovative solutions and services to customers worldwide.",-8.2418,4.0776,2,"{""Manufacturing"": 0.87, ""Construction Equipment"": 0.62}"
Fastenal,10177,0231834832,2022,Industrials,226.12,"[""Manufacturing"", ""Construction Equipment""]","Manufacturing, Construction Equipment","The Company is engaged in manufacturing, construction equipment. It provides innovative solutions and services to customers worldwide.",-8.5979,4.2821,2,"{""Manufacturing"": 0.78, ""Construction Equipment"": 0.82}"
Fastenal,10177,0231834832,2023,Industrials,224.93,"[""Manufacturing"", ""Construction Equipment""]","Manufacturing, Construction Equipment","The Company is engaged in manufacturing, construction equipment. It provides innovative solutions and services to customers worldwide.",-9.176,2.9538,2,"{""Manufacturing"": 0.92, ""Construction Equipment"": 0.72}"
Fastenal,10177,0231834832,2024,Industrials,230.38,"[""Manufacturing"", ""Construction Equipment""]","Manufacturing, Construction Equipment","The Company is engaged in manufacturing, construction equipment. It provides innovative solutions and services to customers worldwide.",-8.0726,3.5683,2,"{""Manufacturing"": 0.82, ""Construction Equipment"": 0.8}"
Fastenal,10177,0231834832,2025,Industrials,236.51,"[""Manufacturing"", ""Construction Equipment""]","Manufacturing, Construction Equipment","The Company is engaged in manufacturing, construction equipment. It provides innovative solutions and services to customers worldwide.",-8.1514,5.0731,2,"{""Manufacturing"": 0.6, ""Construction Equipment"": 0.87}"
W.W. Grainger,10178,0565359904,2021,Industrials,36.53,"[""Manufacturing"", ""Construction Equipment"", ""Industrial Automation""]","Manufacturing, Construction Equipment, Industrial Automation","The Company is engaged in manufacturing, construction equipment, industrial automation. It provides innovative solutions and services to customers worldwide.",-2.1372,4.7106,3,"{""Manufacturing"": 0.58, ""Construction Equipment"": 0.85, ""Industrial Automation"": 0.64}"
W.W. Grainger,10178,0565359904,2022,Industrials,41.14,"[""Manufacturing"", ""Construction Equipment"", ""Industrial Automation""]","Manufacturing, Construction Equipment, Industrial Automation","The Company is engaged in manufacturing, construction equipment, industrial automation. It provides innovative solutions and services to customers worldwide.",-1.7886,5.1568,3,"{""Manufacturing"": 0.86, ""Construction Equipment"": 0.77, ""Industrial Automation"": 0.63}"
W.W. Grainger,10178,0565359904,2023,Industrials,44.34,"[""Manufacturing"", ""Construction Equipment"", ""Industrial Automation""]","Manufacturing, Construction Equipment, Industrial Automation","The Company is engaged in manufacturing, construction equipment, industrial automation. It provides innovative solutions and services to customers worldwide.",-2.2394,5.1303,3,"{""Manufacturing"": 0.52, ""Construction Equipment"": 0.92, ""Industrial Automation"": 0.93}"
W.W. Grainger,10178,0565359904,2024,Industrials,42.94,"[""Manufacturing"", ""Construction Equipment"", ""Industrial Automation""]","Manufacturing, Construction Equipment, Industrial Automation","The Company is engaged in manufacturing, construction equipment, industrial automation. It provides innovative solutions and services to customers worldwide.",-1.7809,4.3232,3,"{""Manufacturing"": 0.83, ""Construction Equipment"": 0.66, ""Industrial Automation"": 0.81}"
W.W. Grainger,10178,0565359904,2025,Industrials,44.28,"[""Manufacturing"", ""Construction Equipment"", ""Industrial Automation""]","Manufacturing, Construction Equipment, Industrial Automation","The Company is engaged in manufacturing, construction equipment, industrial automation. It provides innovative solutions and services to customers worldwide.",-2.5829,4.0355,3,"{""Manufacturing"": 0.55, ""Construction Equipment"": 0.76, ""Industrial Automation"": 0.52}"
